"CASEID","ALTER1","ALTER2","WEIGHT"
19850001,1,2,2
19850001,1,3,1
19850001,1,4,1
19850001,1,5,1
19850001,2,3,2
19850001,2,4,2
19850001,2,5,2
19850001,3,4,1
19850001,3,5,1
19850001,4,5,1
19850002,1,2,1
19850002,1,3,1
19850002,1,4,2
19850002,1,5,2
19850002,2,4,2
19850002,3,4,2
19850002,3,5,1
19850002,4,5,2
19850003,1,2,1
19850003,1,3,1
19850003,1,4,1
19850003,2,3,1
19850003,2,4,1
19850003,3,4,2
19850004,1,2,1
19850004,1,5,1
19850004,2,4,1
19850004,2,5,1
19850004,3,4,1
19850004,4,5,1
19850005,1,2,2
19850005,1,3,2
19850005,1,4,2
19850005,1,5,2
19850005,2,3,2
19850005,2,4,2
19850005,2,5,2
19850005,3,4,2
19850005,3,5,2
19850005,4,5,2
19850006,1,3,1
19850006,2,3,1
19850006,2,4,1
19850006,3,4,1
19850007,1,2,1
19850007,1,3,1
19850007,1,5,1
19850007,2,3,1
19850007,2,5,1
19850007,3,5,1
19850008,1,2,2
19850008,1,3,2
19850008,1,4,2
19850008,1,5,2
19850008,2,3,2
19850008,2,4,2
19850008,2,5,2
19850008,3,4,2
19850008,3,5,2
19850008,4,5,2
19850009,1,2,2
19850010,1,2,1
19850011,1,2,1
19850011,2,3,1
19850013,1,2,1
19850013,1,3,1
19850013,2,3,1
19850014,1,2,1
19850017,1,2,1
19850017,1,3,2
19850017,1,4,2
19850017,1,5,2
19850017,2,3,1
19850017,2,4,1
19850017,2,5,1
19850017,3,4,2
19850017,3,5,1
19850017,4,5,2
19850020,1,2,2
19850020,1,3,2
19850020,1,4,2
19850020,2,3,1
19850020,2,4,1
19850020,3,4,2
19850021,1,2,1
19850021,1,3,1
19850021,1,4,1
19850021,1,5,1
19850021,2,4,1
19850021,3,4,1
19850021,4,5,1
19850022,1,2,2
19850022,1,3,2
19850022,1,4,2
19850022,2,3,2
19850022,2,4,2
19850022,3,4,2
19850023,1,2,1
19850024,1,2,2
19850025,1,2,1
19850027,1,2,1
19850028,1,2,1
19850028,1,3,1
19850028,1,4,1
19850028,2,4,1
19850028,3,4,2
19850029,1,2,1
19850029,1,3,1
19850029,2,3,1
19850031,1,2,1
19850031,1,3,1
19850031,1,4,2
19850031,1,5,1
19850031,2,3,1
19850032,1,2,1
19850032,1,3,2
19850032,1,4,2
19850032,1,5,1
19850032,2,3,1
19850032,2,4,1
19850032,2,5,2
19850032,3,4,2
19850032,3,5,1
19850032,4,5,1
19850034,1,2,1
19850034,1,3,1
19850034,2,3,2
19850035,1,2,1
19850037,1,2,2
19850037,1,3,2
19850037,2,3,2
19850038,1,3,1
19850038,1,4,1
19850038,2,3,1
19850038,2,4,1
19850038,3,4,1
19850040,1,2,2
19850040,1,3,2
19850040,1,4,2
19850040,1,5,2
19850040,2,3,2
19850040,2,4,2
19850040,2,5,2
19850040,3,4,2
19850040,3,5,2
19850040,4,5,2
19850041,1,2,2
19850043,1,2,1
19850043,1,3,1
19850043,1,4,1
19850043,1,5,1
19850043,2,3,2
19850043,2,4,2
19850043,2,5,2
19850043,3,4,2
19850043,3,5,2
19850043,4,5,2
19850044,1,2,2
19850045,1,3,2
19850045,2,3,2
19850045,2,4,1
19850045,2,5,1
19850045,3,5,1
19850045,4,5,1
19850046,1,2,1
19850046,1,3,1
19850046,2,3,1
19850047,1,2,2
19850048,1,2,2
19850048,1,3,1
19850049,1,2,2
19850049,1,3,1
19850049,1,4,1
19850049,1,5,1
19850049,2,3,1
19850049,2,4,1
19850049,2,5,1
19850049,3,4,1
19850049,3,5,1
19850050,1,2,2
19850050,1,3,2
19850050,2,3,1
19850051,1,2,2
19850051,1,3,2
19850051,1,4,2
19850051,1,5,2
19850051,2,3,1
19850051,2,4,2
19850051,2,5,2
19850051,3,4,2
19850051,3,5,2
19850051,4,5,2
19850052,1,2,2
19850052,1,3,2
19850052,2,3,2
19850053,1,2,1
19850053,4,5,1
19850054,1,2,1
19850054,2,4,1
19850054,2,5,1
19850054,3,5,1
19850055,1,2,1
19850056,1,2,1
19850056,1,3,1
19850056,1,4,1
19850056,2,3,1
19850056,2,4,2
19850056,3,4,1
19850057,1,2,2
19850057,1,3,2
19850057,2,3,2
19850058,1,2,2
19850058,1,3,1
19850058,1,4,1
19850058,1,5,1
19850058,2,3,1
19850058,2,4,2
19850058,2,5,2
19850058,3,4,1
19850058,3,5,2
19850058,4,5,2
19850059,1,2,2
19850059,1,4,1
19850059,1,5,1
19850059,3,4,2
19850059,3,5,1
19850059,4,5,1
19850060,1,4,1
19850061,1,3,1
19850061,2,5,1
19850061,3,5,1
19850062,1,3,1
19850062,3,4,2
19850064,1,2,1
19850064,1,3,1
19850064,1,5,2
19850066,1,2,1
19850067,1,2,2
19850067,1,3,2
19850067,1,4,1
19850067,2,3,2
19850067,2,4,1
19850067,3,4,1
19850067,4,5,1
19850068,1,2,2
19850068,1,3,2
19850068,2,3,2
19850070,1,3,1
19850070,1,4,1
19850070,1,5,1
19850070,2,3,1
19850070,2,4,1
19850070,2,5,1
19850070,3,4,1
19850070,3,5,2
19850070,4,5,1
19850071,1,2,1
19850071,1,3,1
19850071,2,3,1
19850072,1,2,1
19850072,1,3,1
19850072,1,4,2
19850072,1,5,2
19850072,2,3,1
19850072,2,4,2
19850072,2,5,1
19850072,3,4,1
19850072,3,5,1
19850072,4,5,2
19850073,1,2,1
19850073,1,3,1
19850073,1,4,1
19850073,2,3,2
19850073,2,4,1
19850073,4,5,1
19850077,1,2,1
19850077,4,5,2
19850078,1,2,1
19850078,1,3,1
19850078,2,3,1
19850079,1,2,1
19850079,1,3,1
19850079,1,4,2
19850079,2,4,2
19850079,3,4,1
19850080,1,2,1
19850080,1,4,1
19850080,2,4,2
19850080,2,5,1
19850080,3,4,2
19850080,3,5,1
19850080,4,5,2
19850081,1,2,1
19850083,1,2,2
19850083,1,3,2
19850083,1,4,2
19850083,2,3,2
19850083,2,4,2
19850083,3,4,2
19850084,1,2,1
19850084,1,3,2
19850084,1,4,1
19850084,1,5,1
19850084,3,4,1
19850085,1,4,1
19850085,3,5,2
19850088,1,2,1
19850088,1,3,1
19850088,1,4,1
19850088,1,5,1
19850088,2,3,1
19850088,2,4,1
19850088,2,5,1
19850088,3,4,2
19850088,3,5,1
19850088,4,5,1
19850089,1,2,2
19850089,3,4,1
19850089,3,5,2
19850089,4,5,1
19850091,1,2,1
19850091,1,3,1
19850091,1,4,1
19850091,2,3,1
19850091,2,4,1
19850092,1,2,2
19850093,1,2,1
19850093,1,3,1
19850093,1,4,1
19850093,2,3,1
19850093,2,4,1
19850093,3,4,1
19850100,1,2,1
19850100,1,3,2
19850100,1,4,1
19850100,2,3,2
19850100,2,4,1
19850100,2,5,1
19850100,3,4,1
19850100,3,5,1
19850100,4,5,2
19850101,1,2,2
19850101,1,3,1
19850101,1,4,1
19850101,3,4,1
19850102,1,2,2
19850102,1,3,1
19850102,1,4,1
19850102,2,3,1
19850102,2,4,1
19850102,3,4,1
19850103,1,2,1
19850103,1,3,1
19850103,1,4,1
19850103,2,3,2
19850103,2,4,2
19850103,3,4,2
19850104,1,2,2
19850104,1,3,1
19850104,1,4,2
19850104,2,3,1
19850104,2,4,2
19850104,3,4,2
19850105,1,2,2
19850105,1,3,2
19850105,1,4,2
19850105,1,5,2
19850105,2,3,2
19850105,2,4,2
19850105,2,5,2
19850105,3,4,2
19850105,3,5,2
19850105,4,5,2
19850106,1,2,1
19850106,1,5,1
19850106,2,5,1
19850106,3,5,1
19850107,1,2,1
19850107,1,3,1
19850107,2,3,2
19850108,1,2,2
19850108,1,3,2
19850108,1,4,1
19850108,2,3,2
19850108,2,4,1
19850108,3,4,2
19850109,1,2,1
19850109,1,5,1
19850109,2,3,1
19850109,2,5,2
19850109,3,5,1
19850110,1,2,2
19850110,1,3,2
19850110,2,3,2
19850111,1,3,2
19850111,2,3,2
19850112,1,2,2
19850112,1,3,2
19850112,2,3,2
19850113,1,2,2
19850113,1,3,1
19850114,1,2,1
19850114,2,3,1
19850115,1,2,2
19850116,1,3,1
19850116,1,4,1
19850116,2,4,1
19850117,1,2,2
19850117,1,3,2
19850117,1,4,1
19850117,2,3,2
19850118,1,2,1
19850118,1,3,2
19850118,2,3,1
19850119,1,2,1
19850119,1,3,1
19850119,1,4,1
19850119,2,3,1
19850119,2,4,1
19850119,3,4,2
19850120,1,3,2
19850120,2,3,2
19850123,1,2,2
19850123,1,3,2
19850123,1,4,2
19850123,1,5,2
19850123,2,3,2
19850123,2,4,2
19850123,2,5,2
19850123,3,4,2
19850123,3,5,2
19850123,4,5,2
19850124,1,2,1
19850126,1,2,1
19850127,1,2,2
19850128,1,2,2
19850128,1,3,2
19850128,1,4,2
19850128,3,4,2
19850129,1,2,1
19850129,1,3,2
19850129,2,3,1
19850130,1,2,2
19850130,1,3,2
19850130,1,4,2
19850130,1,5,1
19850130,2,3,2
19850130,2,4,2
19850130,2,5,1
19850130,3,4,1
19850130,3,5,1
19850131,1,2,1
19850131,1,3,2
19850131,1,4,1
19850131,1,5,1
19850131,3,4,1
19850131,3,5,1
19850131,4,5,2
19850132,1,2,1
19850132,1,3,1
19850132,1,4,2
19850132,1,5,2
19850132,2,3,1
19850132,2,4,1
19850132,2,5,1
19850132,3,4,1
19850132,3,5,1
19850132,4,5,2
19850133,1,2,1
19850133,1,3,1
19850133,2,3,1
19850134,1,2,1
19850134,1,3,1
19850134,2,3,1
19850135,1,2,1
19850135,1,3,1
19850135,1,4,2
19850135,1,5,1
19850135,2,3,1
19850135,2,4,1
19850135,3,4,2
19850135,3,5,1
19850135,4,5,2
19850136,1,2,2
19850136,1,3,2
19850136,1,4,2
19850136,1,5,1
19850136,2,3,2
19850136,2,4,2
19850136,2,5,1
19850136,3,4,2
19850136,3,5,1
19850136,4,5,1
19850137,1,2,1
19850137,1,3,2
19850137,1,4,1
19850137,2,3,1
19850138,1,2,2
19850138,1,3,1
19850138,1,4,1
19850138,1,5,2
19850138,2,3,1
19850138,2,4,1
19850138,2,5,2
19850138,3,4,2
19850138,3,5,1
19850138,4,5,2
19850139,1,2,2
19850139,1,3,2
19850139,1,4,2
19850139,1,5,1
19850139,2,3,2
19850139,2,4,1
19850139,2,5,1
19850139,3,4,1
19850139,3,5,1
19850139,4,5,1
19850140,1,2,1
19850142,1,2,1
19850143,1,2,1
19850143,1,3,1
19850143,2,3,2
19850145,1,2,2
19850145,2,3,1
19850146,1,2,2
19850146,1,3,2
19850146,2,3,2
19850147,1,2,2
19850152,1,2,2
19850152,1,3,2
19850152,1,4,2
19850152,1,5,1
19850152,2,3,2
19850152,2,4,2
19850152,2,5,1
19850152,3,5,1
19850152,4,5,1
19850154,1,2,1
19850155,1,2,2
19850156,1,2,2
19850156,1,3,2
19850156,2,3,2
19850158,2,3,1
19850159,1,2,1
19850160,1,2,1
19850160,1,3,1
19850160,1,4,1
19850160,1,5,1
19850160,2,3,1
19850160,2,4,1
19850160,2,5,1
19850160,3,4,2
19850160,3,5,2
19850160,4,5,2
19850161,1,2,2
19850162,1,2,1
19850162,1,3,1
19850162,2,4,1
19850163,1,2,1
19850163,1,3,1
19850163,1,4,1
19850163,3,4,1
19850164,1,2,1
19850164,1,3,1
19850164,2,3,1
19850165,1,2,1
19850165,1,3,1
19850165,1,4,2
19850165,2,3,2
19850165,2,4,1
19850165,2,5,1
19850165,3,4,1
19850165,3,5,1
19850166,1,2,1
19850166,1,3,1
19850166,2,3,1
19850169,1,2,1
19850169,1,3,2
19850169,1,4,1
19850169,1,5,1
19850169,2,3,2
19850169,2,4,1
19850169,2,5,2
19850169,3,4,2
19850169,3,5,2
19850169,4,5,1
19850170,1,2,1
19850173,1,2,2
19850173,1,3,2
19850173,1,4,2
19850173,1,5,2
19850173,2,3,2
19850173,2,4,2
19850173,2,5,1
19850173,3,4,2
19850173,3,5,2
19850173,4,5,2
19850175,1,2,2
19850176,1,2,2
19850177,1,2,1
19850177,1,3,1
19850178,1,2,1
19850179,1,2,1
19850179,1,3,1
19850179,2,3,2
19850180,1,2,2
19850180,1,3,1
19850180,2,3,1
19850180,3,4,1
19850180,3,5,2
19850180,4,5,1
19850181,1,2,2
19850181,1,3,2
19850181,2,3,1
19850182,1,3,1
19850182,2,3,1
19850183,1,2,1
19850183,1,3,1
19850183,1,4,1
19850183,2,3,2
19850183,2,4,2
19850183,3,4,1
19850184,1,2,2
19850184,1,3,1
19850184,1,4,1
19850184,2,3,2
19850184,2,4,1
19850184,3,4,2
19850185,1,2,1
19850185,1,3,1
19850185,1,4,1
19850185,2,3,1
19850186,1,2,2
19850186,1,3,1
19850186,1,5,1
19850186,2,3,1
19850186,2,5,1
19850186,3,4,1
19850186,3,5,1
19850186,4,5,1
19850187,1,2,2
19850187,1,3,1
19850187,1,4,1
19850187,1,5,1
19850187,2,3,2
19850187,2,4,2
19850187,2,5,2
19850187,3,4,2
19850187,3,5,2
19850187,4,5,1
19850188,1,2,2
19850189,1,2,1
19850189,1,3,1
19850189,2,3,1
19850191,1,2,1
19850191,1,3,1
19850191,1,4,1
19850191,2,3,2
19850191,2,4,2
19850191,3,4,1
19850192,1,2,1
19850192,1,3,2
19850192,1,4,2
19850192,3,4,2
19850193,1,2,2
19850193,1,3,1
19850193,1,4,1
19850193,2,3,1
19850193,2,4,1
19850193,3,4,1
19850194,1,2,2
19850195,1,2,2
19850197,1,2,2
19850197,1,5,1
19850197,2,5,1
19850198,1,2,2
19850198,1,3,2
19850198,1,4,2
19850198,2,3,2
19850198,2,4,1
19850198,3,4,1
19850199,1,3,1
19850199,1,4,1
19850199,1,5,2
19850199,2,3,2
19850199,2,4,2
19850199,3,4,2
19850200,1,3,1
19850201,1,2,1
19850201,1,3,1
19850201,1,4,1
19850201,2,3,1
19850201,2,4,1
19850201,3,4,2
19850208,1,3,1
19850208,1,4,2
19850208,3,4,1
19850209,1,3,2
19850209,1,4,1
19850209,1,5,1
19850209,3,4,2
19850209,3,5,2
19850209,4,5,2
19850210,1,2,1
19850210,1,5,1
19850212,1,2,2
19850212,1,3,2
19850212,2,3,2
19850213,1,2,2
19850213,1,3,1
19850213,1,5,1
19850213,2,3,1
19850213,2,5,1
19850213,3,5,1
19850213,4,5,1
19850214,1,2,1
19850214,1,3,1
19850214,1,4,2
19850214,1,5,2
19850214,2,3,2
19850214,2,4,1
19850214,2,5,1
19850214,4,5,2
19850215,1,2,2
19850216,3,4,2
19850216,3,5,2
19850216,4,5,2
19850217,1,2,2
19850217,1,3,2
19850217,2,3,1
19850218,1,2,2
19850218,2,5,1
19850218,3,4,1
19850218,3,5,1
19850218,4,5,1
19850219,1,2,2
19850219,1,3,1
19850219,1,4,1
19850219,1,5,1
19850219,2,3,1
19850219,2,4,1
19850219,2,5,1
19850220,1,2,1
19850220,1,3,2
19850220,2,3,1
19850221,1,2,1
19850222,1,4,1
19850222,1,5,1
19850222,2,3,1
19850222,2,4,1
19850222,3,4,2
19850222,3,5,1
19850222,4,5,2
19850225,1,2,2
19850225,2,3,1
19850225,2,4,1
19850225,3,4,1
19850227,1,2,2
19850227,1,3,2
19850227,1,4,2
19850227,1,5,2
19850227,2,3,2
19850227,2,4,2
19850227,2,5,2
19850227,3,4,2
19850227,3,5,2
19850227,4,5,2
19850228,1,2,2
19850228,1,3,2
19850228,1,4,2
19850228,1,5,2
19850228,2,3,2
19850228,2,4,2
19850228,2,5,2
19850228,3,4,2
19850228,3,5,2
19850228,4,5,2
19850229,1,2,2
19850230,1,2,1
19850230,1,3,2
19850230,1,4,2
19850230,1,5,2
19850230,2,3,2
19850230,2,4,2
19850230,2,5,2
19850230,3,4,2
19850230,3,5,2
19850230,4,5,2
19850232,1,2,2
19850232,1,3,1
19850232,1,4,1
19850232,2,3,1
19850232,2,4,1
19850232,2,5,1
19850232,3,4,1
19850232,3,5,1
19850234,1,2,2
19850234,1,3,1
19850234,1,4,1
19850234,2,3,1
19850234,2,4,1
19850234,3,4,1
19850235,1,2,2
19850236,1,3,2
19850238,2,3,1
19850238,2,4,1
19850238,3,4,1
19850238,3,5,2
19850239,1,4,1
19850239,2,3,2
19850239,2,4,1
19850239,3,4,1
19850240,1,2,2
19850240,1,3,2
19850240,1,4,2
19850240,2,3,2
19850240,2,4,2
19850240,3,4,2
19850241,1,2,2
19850241,1,3,2
19850241,1,4,2
19850241,1,5,2
19850241,2,3,2
19850241,2,4,1
19850241,2,5,1
19850241,3,4,1
19850241,3,5,1
19850241,4,5,1
19850242,1,3,1
19850243,1,3,2
19850244,1,2,1
19850244,1,3,2
19850244,2,3,1
19850245,1,2,2
19850246,1,2,2
19850246,1,3,2
19850246,1,4,2
19850246,2,3,2
19850246,2,4,1
19850246,3,4,1
19850247,1,2,2
19850247,1,3,2
19850247,2,3,2
19850248,1,2,2
19850248,1,3,1
19850248,1,4,1
19850248,2,3,1
19850248,2,4,1
19850248,3,4,1
19850250,1,2,1
19850250,1,3,1
19850250,2,3,1
19850250,2,4,1
19850250,3,4,2
19850251,1,2,1
19850251,1,3,1
19850251,1,4,2
19850251,2,3,1
19850251,2,4,1
19850251,3,4,1
19850252,1,2,2
19850253,1,2,1
19850253,1,3,1
19850253,2,3,2
19850254,1,2,1
19850254,1,3,1
19850254,1,4,1
19850254,2,3,1
19850254,2,5,2
19850254,3,4,2
19850255,1,2,1
19850255,1,3,1
19850255,1,4,1
19850255,2,3,2
19850255,2,4,1
19850256,1,2,2
19850256,1,4,1
19850256,1,5,1
19850256,2,5,1
19850256,3,4,1
19850256,3,5,1
19850256,4,5,2
19850257,1,2,1
19850257,1,3,2
19850257,2,3,1
19850257,2,4,1
19850257,2,5,1
19850257,3,5,1
19850258,1,2,1
19850258,1,3,1
19850258,2,3,2
19850259,1,2,1
19850259,1,3,1
19850259,1,4,1
19850259,2,3,1
19850259,2,4,2
19850259,3,4,1
19850260,1,2,1
19850260,1,3,2
19850260,1,4,1
19850260,1,5,1
19850260,2,3,1
19850260,2,4,1
19850260,2,5,1
19850260,3,4,1
19850260,3,5,1
19850260,4,5,2
19850261,1,2,1
19850261,1,3,2
19850261,1,4,1
19850261,1,5,1
19850261,2,3,1
19850261,2,4,1
19850261,2,5,1
19850261,3,4,1
19850261,4,5,1
19850262,1,2,1
19850262,1,3,1
19850262,1,4,2
19850262,1,5,2
19850262,2,4,1
19850262,2,5,1
19850262,3,4,1
19850262,3,5,1
19850262,4,5,2
19850263,1,2,1
19850263,1,4,1
19850263,1,5,1
19850263,2,3,2
19850263,2,4,2
19850263,3,4,1
19850265,1,2,1
19850265,1,4,1
19850265,2,4,2
19850265,2,5,1
19850265,4,5,1
19850266,1,4,1
19850266,2,3,2
19850268,1,2,1
19850268,1,3,1
19850268,1,4,1
19850268,2,3,1
19850268,2,4,1
19850268,3,4,1
19850270,1,2,2
19850270,1,3,1
19850270,2,3,2
19850272,1,2,1
19850273,1,2,2
19850273,1,3,2
19850273,1,4,2
19850273,1,5,2
19850273,2,3,2
19850273,2,4,2
19850273,2,5,2
19850273,3,4,2
19850273,3,5,2
19850273,4,5,2
19850275,1,2,1
19850275,1,3,1
19850275,2,3,2
19850276,1,2,1
19850276,1,3,1
19850276,1,4,1
19850276,1,5,2
19850278,1,2,1
19850278,1,3,1
19850278,2,3,1
19850279,1,2,2
19850279,1,3,2
19850279,1,4,2
19850279,1,5,2
19850279,2,3,2
19850279,2,4,2
19850279,2,5,2
19850279,3,4,2
19850279,3,5,2
19850279,4,5,2
19850280,1,2,1
19850280,1,3,1
19850280,1,4,1
19850280,2,3,1
19850281,1,2,1
19850281,1,3,1
19850281,2,3,1
19850283,1,2,2
19850283,1,3,2
19850283,1,4,2
19850283,1,5,2
19850283,2,3,2
19850283,2,4,2
19850283,2,5,2
19850283,3,4,2
19850283,3,5,2
19850283,4,5,2
19850284,1,2,1
19850284,1,4,1
19850284,2,3,1
19850284,2,4,1
19850284,3,4,1
19850284,3,5,1
19850284,4,5,1
19850286,1,2,2
19850286,1,3,1
19850293,1,2,1
19850294,1,2,1
19850294,2,3,1
19850294,2,4,2
19850294,3,4,2
19850295,1,2,1
19850295,1,3,1
19850295,2,3,1
19850296,1,2,2
19850296,1,3,2
19850296,2,3,1
19850297,1,2,1
19850297,1,3,1
19850297,1,4,1
19850297,2,3,1
19850297,2,4,1
19850297,3,4,2
19850298,1,2,2
19850298,1,3,1
19850298,1,4,1
19850298,2,3,1
19850298,2,4,1
19850298,3,4,1
19850299,1,2,1
19850299,1,4,1
19850299,2,3,2
19850299,2,4,2
19850299,3,4,2
19850300,1,2,2
19850300,1,3,2
19850300,2,3,2
19850301,1,2,2
19850301,1,3,2
19850301,1,4,2
19850301,1,5,2
19850301,2,3,2
19850301,2,4,2
19850301,2,5,2
19850301,3,4,2
19850301,3,5,2
19850301,4,5,2
19850302,1,2,1
19850304,1,2,2
19850305,1,2,2
19850305,2,4,1
19850308,1,2,2
19850308,1,3,2
19850308,2,3,2
19850309,1,2,1
19850309,1,3,2
19850309,2,3,1
19850310,1,2,1
19850310,1,3,1
19850310,1,4,1
19850310,2,3,2
19850310,2,4,1
19850310,3,4,1
19850312,1,2,2
19850312,1,3,2
19850312,1,4,2
19850312,1,5,2
19850312,2,3,2
19850312,2,4,1
19850312,2,5,1
19850312,3,4,1
19850312,4,5,2
19850313,1,2,2
19850313,1,3,1
19850313,1,4,1
19850313,2,3,1
19850313,2,4,1
19850313,3,4,2
19850313,3,5,1
19850313,4,5,1
19850314,1,2,2
19850316,1,2,2
19850316,1,3,1
19850316,1,4,1
19850316,1,5,1
19850316,2,3,1
19850316,2,4,1
19850316,2,5,1
19850316,3,4,1
19850317,1,2,2
19850317,1,3,2
19850317,1,4,2
19850317,1,5,2
19850317,2,3,2
19850317,2,4,2
19850317,2,5,2
19850317,3,4,2
19850317,3,5,2
19850317,4,5,2
19850318,1,2,1
19850318,1,3,1
19850318,2,3,1
19850319,1,2,2
19850319,1,4,1
19850319,2,4,1
19850319,3,5,2
19850320,1,2,2
19850320,1,3,2
19850320,1,4,2
19850320,1,5,2
19850320,2,3,2
19850320,2,4,2
19850320,2,5,2
19850320,3,4,2
19850320,3,5,2
19850320,4,5,2
19850321,1,2,2
19850321,1,3,1
19850321,1,4,2
19850321,1,5,2
19850321,2,3,2
19850321,2,4,2
19850321,2,5,2
19850321,3,4,2
19850321,3,5,2
19850321,4,5,1
19850322,1,2,2
19850322,1,3,2
19850322,1,4,2
19850322,1,5,2
19850322,2,3,2
19850322,2,4,2
19850322,3,4,2
19850322,3,5,2
19850322,4,5,2
19850323,1,2,2
19850324,1,2,2
19850324,1,3,1
19850324,2,3,1
19850325,1,2,2
19850326,1,2,2
19850326,1,3,1
19850328,1,2,2
19850328,1,3,2
19850328,2,3,2
19850329,1,2,2
19850329,1,3,2
19850329,1,4,1
19850329,1,5,1
19850329,2,3,2
19850329,2,4,1
19850329,3,4,2
19850329,3,5,2
19850331,1,2,1
19850333,1,2,1
19850333,1,3,1
19850333,2,3,2
19850334,1,2,1
19850334,1,3,1
19850334,1,5,1
19850334,2,3,2
19850334,2,4,2
19850334,2,5,2
19850334,3,4,2
19850334,3,5,1
19850334,4,5,1
19850335,1,2,2
19850335,1,3,1
19850335,1,4,1
19850335,2,3,1
19850335,2,4,1
19850335,3,4,2
19850336,1,2,2
19850337,1,2,1
19850337,1,3,1
19850337,1,4,2
19850337,3,4,2
19850338,1,2,2
19850338,1,3,1
19850338,1,4,1
19850338,2,3,1
19850338,2,4,1
19850338,3,4,1
19850339,1,2,1
19850342,1,2,1
19850342,1,3,1
19850342,2,3,1
19850343,1,2,1
19850343,1,3,1
19850343,1,4,2
19850343,1,5,2
19850343,2,3,2
19850343,2,4,1
19850343,2,5,1
19850343,3,4,1
19850343,3,5,1
19850343,4,5,1
19850344,1,2,2
19850344,1,3,2
19850344,1,4,2
19850344,2,3,2
19850344,2,4,2
19850344,3,4,2
19850345,1,2,2
19850345,1,3,2
19850345,1,4,2
19850345,1,5,2
19850345,2,3,2
19850345,2,4,2
19850345,2,5,2
19850345,3,4,2
19850345,3,5,2
19850345,4,5,2
19850346,1,2,1
19850346,1,3,1
19850347,1,2,1
19850347,1,3,1
19850347,1,4,1
19850347,2,3,1
19850347,2,4,1
19850347,3,4,2
19850348,1,2,1
19850348,1,3,2
19850348,1,4,2
19850348,1,5,2
19850348,2,3,1
19850348,3,4,2
19850348,3,5,2
19850348,4,5,2
19850352,1,2,1
19850353,1,2,1
19850354,1,2,1
19850354,1,3,1
19850354,2,3,1
19850355,1,2,1
19850355,1,3,1
19850355,1,4,1
19850355,1,5,1
19850355,2,3,2
19850355,2,4,2
19850355,2,5,2
19850355,3,4,2
19850355,3,5,2
19850355,4,5,2
19850356,1,2,1
19850356,1,3,2
19850356,1,4,2
19850356,1,5,2
19850356,2,3,1
19850356,2,4,1
19850356,2,5,1
19850356,3,4,2
19850356,3,5,2
19850356,4,5,2
19850357,1,2,2
19850358,1,2,1
19850358,1,3,1
19850358,1,4,2
19850358,1,5,2
19850358,2,3,2
19850358,2,4,1
19850358,2,5,1
19850358,3,4,1
19850358,3,5,1
19850358,4,5,2
19850359,1,2,1
19850359,1,3,2
19850359,1,4,2
19850359,1,5,1
19850359,2,3,1
19850359,2,4,1
19850359,2,5,1
19850359,3,4,2
19850359,3,5,1
19850359,4,5,2
19850361,1,3,1
19850361,2,3,2
19850361,2,4,2
19850361,3,4,2
19850363,1,2,2
19850363,1,3,2
19850363,1,4,2
19850363,1,5,2
19850363,2,3,1
19850363,2,4,1
19850363,2,5,2
19850363,3,4,1
19850363,3,5,1
19850363,4,5,2
19850364,1,2,2
19850364,1,3,2
19850364,1,4,2
19850364,1,5,2
19850364,2,3,2
19850364,2,4,2
19850364,2,5,2
19850364,3,4,2
19850364,3,5,2
19850364,4,5,2
19850365,1,2,2
19850365,1,3,2
19850365,1,4,1
19850365,2,3,2
19850365,2,4,2
19850365,3,4,2
19850367,1,2,2
19850367,1,4,1
19850367,2,3,1
19850367,2,4,1
19850367,3,4,2
19850368,1,3,2
19850368,2,4,2
19850368,2,5,2
19850368,4,5,2
19850369,1,2,1
19850369,1,3,2
19850369,2,3,2
19850370,1,2,2
19850370,1,3,2
19850370,1,4,2
19850370,2,3,2
19850370,2,4,2
19850370,3,4,2
19850371,1,2,2
19850371,1,3,2
19850371,1,4,2
19850371,1,5,2
19850371,2,3,2
19850371,2,4,1
19850371,2,5,1
19850371,3,4,2
19850371,3,5,2
19850371,4,5,2
19850372,1,2,1
19850372,1,3,1
19850372,1,4,2
19850372,2,3,1
19850372,2,4,1
19850372,3,4,1
19850373,1,2,1
19850374,1,2,2
19850374,1,3,1
19850374,1,4,1
19850374,2,3,2
19850374,2,4,1
19850374,3,4,2
19850375,1,2,1
19850375,1,3,1
19850375,2,3,1
19850379,1,2,2
19850380,1,2,1
19850380,3,4,2
19850381,1,2,1
19850381,1,3,2
19850381,1,4,2
19850381,1,5,2
19850381,2,3,2
19850381,2,4,2
19850381,2,5,2
19850381,3,4,2
19850381,3,5,2
19850381,4,5,2
19850382,1,2,2
19850383,1,2,2
19850383,1,3,2
19850383,1,4,2
19850383,2,3,2
19850383,2,4,2
19850383,3,4,2
19850384,1,2,2
19850384,1,3,2
19850384,1,5,2
19850384,2,5,2
19850384,4,5,2
19850385,1,2,2
19850385,1,3,1
19850385,1,4,2
19850386,1,2,2
19850388,1,2,2
19850388,1,3,2
19850388,1,4,2
19850388,2,3,2
19850388,2,4,2
19850388,3,4,2
19850389,1,2,1
19850389,1,3,1
19850389,1,4,2
19850389,2,4,1
19850389,3,4,2
19850390,1,2,2
19850390,1,3,2
19850390,1,4,1
19850390,2,3,2
19850390,2,4,1
19850391,1,2,2
19850391,1,3,2
19850391,1,4,1
19850391,1,5,2
19850391,2,3,2
19850391,2,4,1
19850391,2,5,1
19850391,3,4,1
19850391,3,5,1
19850391,4,5,2
19850392,1,2,2
19850392,1,3,2
19850392,2,3,2
19850397,1,2,1
19850400,1,2,2
19850400,1,3,2
19850400,2,3,2
19850408,1,2,2
19850409,1,2,2
19850409,1,3,1
19850409,1,4,2
19850409,1,5,1
19850409,3,5,1
19850412,1,2,1
19850412,1,3,1
19850412,1,4,2
19850412,2,4,2
19850412,3,4,1
19850413,1,2,2
19850414,1,2,1
19850414,1,4,1
19850414,1,5,1
19850414,2,3,1
19850414,2,4,1
19850414,3,5,1
19850414,4,5,1
19850415,1,2,2
19850419,1,2,1
19850419,1,3,2
19850419,1,4,1
19850419,1,5,1
19850419,2,3,1
19850419,2,4,1
19850419,2,5,1
19850419,3,4,2
19850419,3,5,2
19850419,4,5,2
19850420,1,2,2
19850420,1,3,2
19850420,1,4,2
19850420,1,5,1
19850420,2,3,2
19850420,2,4,1
19850420,2,5,1
19850420,3,4,1
19850420,3,5,1
19850420,4,5,1
19850421,1,2,1
19850421,1,3,2
19850421,1,4,1
19850421,2,3,1
19850421,2,4,1
19850421,3,4,2
19850422,1,2,2
19850422,1,3,1
19850422,1,4,1
19850422,2,3,1
19850422,2,4,1
19850422,3,4,1
19850422,3,5,1
19850422,4,5,1
19850425,1,2,2
19850425,1,3,2
19850425,1,4,1
19850425,2,3,2
19850426,1,2,1
19850426,1,4,1
19850426,2,4,2
19850427,1,2,2
19850427,1,3,2
19850427,1,4,2
19850427,2,3,2
19850427,2,4,2
19850427,3,4,2
19850428,1,2,2
19850428,1,3,2
19850429,1,2,2
19850429,1,3,1
19850429,1,4,2
19850429,1,5,2
19850429,2,4,2
19850429,2,5,2
19850429,3,4,1
19850429,3,5,2
19850429,4,5,2
19850430,1,2,1
19850430,1,3,1
19850430,1,4,1
19850430,2,3,1
19850430,2,4,1
19850430,3,4,1
19850431,1,2,2
19850433,1,2,2
19850433,1,3,2
19850433,1,4,2
19850433,1,5,2
19850433,2,3,1
19850433,2,4,1
19850433,2,5,1
19850433,3,4,1
19850433,3,5,1
19850433,4,5,1
19850434,1,3,1
19850434,2,4,1
19850434,3,4,1
19850435,1,2,2
19850435,2,3,1
19850436,1,2,2
19850436,1,3,1
19850436,1,4,1
19850436,2,3,1
19850436,2,4,1
19850436,3,4,2
19850437,1,2,2
19850437,1,3,2
19850437,1,4,1
19850437,2,3,2
19850437,2,4,1
19850437,3,4,2
19850438,1,3,1
19850438,1,4,2
19850438,1,5,1
19850438,2,3,1
19850438,2,4,1
19850438,2,5,1
19850438,3,5,1
19850438,4,5,1
19850440,1,2,1
19850440,1,3,1
19850440,1,5,1
19850440,2,3,2
19850440,2,5,1
19850440,3,5,1
19850441,1,2,2
19850442,1,2,2
19850442,1,3,1
19850442,2,3,2
19850444,1,2,1
19850444,1,3,1
19850444,1,4,1
19850444,2,3,1
19850444,2,5,1
19850444,3,4,1
19850444,3,5,1
19850446,1,2,1
19850446,1,3,1
19850446,1,4,1
19850446,2,3,1
19850446,2,4,1
19850446,3,4,1
19850447,1,2,1
19850447,1,3,2
19850448,1,2,2
19850448,1,4,2
19850448,2,4,1
19850450,1,4,2
19850450,1,5,2
19850450,2,3,2
19850450,4,5,2
19850451,1,2,1
19850451,1,3,1
19850452,1,2,2
19850452,1,3,1
19850452,2,3,2
19850454,2,3,1
19850455,1,2,2
19850455,1,3,2
19850455,1,4,2
19850455,2,4,2
19850455,3,4,2
19850455,3,5,1
19850455,4,5,1
19850456,1,2,2
19850456,1,3,2
19850456,1,4,2
19850457,1,2,2
19850457,1,3,1
19850457,2,3,1
19850458,1,3,2
19850458,2,3,1
19850458,2,4,1
19850458,2,5,2
19850458,3,4,2
19850458,3,5,1
19850458,4,5,2
19850460,1,2,2
19850462,1,2,2
19850462,1,3,2
19850462,2,3,2
19850463,1,2,2
19850463,1,3,1
19850463,1,4,2
19850463,1,5,2
19850463,2,3,2
19850463,2,4,2
19850463,2,5,2
19850463,3,4,2
19850463,3,5,2
19850463,4,5,2
19850464,1,2,1
19850466,1,2,1
19850466,2,3,1
19850466,3,4,2
19850466,4,5,1
19850467,1,2,1
19850468,3,4,2
19850468,3,5,2
19850468,4,5,2
19850469,1,2,1
19850469,3,4,1
19850469,4,5,1
19850470,1,2,2
19850471,1,2,2
19850472,1,3,2
19850473,1,2,2
19850473,2,3,2
19850474,1,2,2
19850474,2,3,1
19850475,1,2,1
19850475,1,3,1
19850475,2,3,2
19850477,1,2,1
19850477,1,3,1
19850477,1,4,1
19850477,2,3,1
19850477,2,4,1
19850477,3,4,1
19850478,1,2,1
19850479,1,2,1
19850480,1,2,1
19850480,2,3,2
19850482,1,3,1
19850482,2,4,1
19850482,2,5,1
19850482,3,4,2
19850482,4,5,1
19850483,1,2,2
19850485,1,2,1
19850486,1,2,1
19850486,2,3,1
19850486,4,5,1
19850487,1,2,1
19850487,1,3,1
19850487,2,3,1
19850488,1,2,1
19850500,1,2,1
19850501,1,2,1
19850502,1,2,2
19850502,1,3,2
19850502,2,3,2
19850503,1,2,2
19850503,1,3,2
19850503,2,3,2
19850504,1,2,1
19850504,1,3,2
19850504,1,4,2
19850504,2,3,2
19850504,2,4,2
19850504,3,4,1
19850505,1,3,2
19850505,1,4,2
19850505,1,5,2
19850505,2,4,1
19850505,2,5,1
19850505,3,4,2
19850505,3,5,2
19850505,4,5,2
19850507,1,2,1
19850507,1,3,1
19850507,1,4,1
19850507,2,4,1
19850507,3,5,1
19850508,1,2,1
19850508,1,3,1
19850508,2,3,1
19850509,1,2,2
19850509,1,4,2
19850509,1,5,1
19850509,2,3,2
19850509,2,4,2
19850509,2,5,2
19850509,3,4,2
19850509,3,5,2
19850509,4,5,2
19850510,1,2,2
19850510,1,3,1
19850510,1,4,1
19850510,1,5,2
19850510,2,3,1
19850510,2,4,1
19850510,2,5,2
19850510,3,4,2
19850510,3,5,1
19850510,4,5,2
19850511,1,2,1
19850511,1,3,1
19850511,1,4,1
19850511,2,3,1
19850511,2,4,1
19850511,3,4,1
19850512,1,2,2
19850512,1,3,2
19850512,2,3,2
19850518,1,2,2
19850518,1,3,2
19850518,1,4,2
19850518,1,5,2
19850518,2,3,2
19850518,2,4,2
19850518,2,5,2
19850518,3,4,2
19850518,3,5,2
19850518,4,5,2
19850519,1,3,1
19850519,2,5,1
19850519,3,5,1
19850520,1,2,1
19850521,1,2,2
19850521,1,3,2
19850521,2,3,2
19850523,1,2,2
19850524,1,2,1
19850524,1,3,1
19850524,1,4,1
19850524,1,5,1
19850524,2,3,1
19850524,2,4,1
19850524,3,4,1
19850525,1,2,1
19850525,1,3,2
19850525,1,4,2
19850525,1,5,1
19850525,2,3,2
19850525,2,4,2
19850525,2,5,2
19850525,3,4,2
19850525,3,5,2
19850525,4,5,2
19850526,1,2,2
19850526,1,3,1
19850526,1,4,1
19850526,2,3,1
19850526,2,4,1
19850527,1,2,2
19850528,1,2,1
19850529,1,3,2
19850529,1,5,1
19850529,2,4,1
19850529,2,5,1
19850529,3,5,1
19850530,1,2,2
19850530,1,3,2
19850530,2,3,2
19850531,1,3,1
19850531,2,3,1
19850531,2,4,1
19850531,3,4,2
19850532,1,2,1
19850532,1,3,1
19850532,3,4,2
19850533,1,2,1
19850533,1,4,1
19850533,2,3,1
19850533,2,4,1
19850533,3,4,1
19850533,4,5,1
19850534,1,2,2
19850534,1,3,2
19850534,1,4,2
19850534,1,5,2
19850534,2,3,2
19850534,2,4,2
19850534,2,5,2
19850534,3,4,2
19850534,3,5,2
19850534,4,5,2
19850535,1,2,1
19850535,1,3,1
19850535,1,4,1
19850535,1,5,1
19850535,2,3,1
19850535,2,4,1
19850535,2,5,1
19850535,3,4,1
19850535,3,5,1
19850535,4,5,1
19850536,1,2,1
19850537,1,2,1
19850538,1,2,2
19850538,1,3,2
19850538,1,4,1
19850538,1,5,2
19850538,2,3,2
19850538,2,5,2
19850538,3,4,2
19850538,3,5,2
19850538,4,5,2
19850539,1,2,2
19850539,1,3,1
19850539,1,4,2
19850539,2,3,1
19850539,2,4,2
19850539,3,4,1
19850539,3,5,1
19850540,1,2,1
19850542,1,2,2
19850542,1,4,1
19850542,1,5,1
19850542,2,5,2
19850543,1,2,2
19850543,1,3,1
19850543,1,4,1
19850543,1,5,1
19850543,2,3,1
19850543,2,4,1
19850543,2,5,1
19850543,3,4,1
19850543,3,5,1
19850543,4,5,1
19850544,1,2,1
19850544,1,3,1
19850544,1,5,1
19850544,2,4,2
19850544,2,5,2
19850544,3,5,1
19850544,4,5,2
19850545,1,2,2
19850545,1,4,2
19850545,1,5,2
19850545,2,4,2
19850545,2,5,2
19850545,4,5,2
19850546,1,2,2
19850548,1,2,2
19850549,1,2,2
19850551,1,2,2
19850552,1,2,1
19850552,1,3,1
19850552,1,5,1
19850552,2,3,1
19850552,2,4,1
19850552,2,5,1
19850552,3,4,2
19850553,1,2,2
19850553,1,3,2
19850553,1,4,2
19850553,1,5,1
19850553,2,3,2
19850553,2,4,2
19850553,2,5,2
19850553,3,4,2
19850553,3,5,2
19850553,4,5,1
19850554,1,2,1
19850554,1,3,2
19850554,1,4,1
19850554,2,3,1
19850554,2,4,1
19850554,3,4,2
19850555,1,2,2
19850555,1,3,2
19850555,1,4,2
19850555,1,5,2
19850555,2,3,2
19850555,2,4,2
19850555,2,5,2
19850555,3,4,2
19850555,3,5,2
19850555,4,5,2
19850557,1,2,2
19850557,1,3,1
19850557,1,4,1
19850557,2,4,1
19850557,3,5,1
19850557,4,5,1
19850558,1,2,1
19850558,1,3,1
19850558,2,3,2
19850559,1,2,1
19850559,1,3,2
19850559,2,3,1
19850560,1,2,2
19850562,1,2,2
19850562,1,3,2
19850562,2,3,2
19850564,1,2,2
19850564,1,3,2
19850564,2,3,2
19850565,1,2,1
19850565,1,4,2
19850565,2,3,2
19850565,2,4,2
19850565,2,5,2
19850565,3,4,2
19850565,3,5,2
19850565,4,5,2
19850566,1,2,2
19850566,1,3,2
19850566,1,4,2
19850566,1,5,2
19850566,2,3,2
19850566,2,4,2
19850566,2,5,2
19850566,3,4,2
19850566,3,5,2
19850568,1,2,2
19850568,1,3,2
19850568,2,3,2
19850571,1,2,2
19850571,1,3,2
19850571,1,4,2
19850571,1,5,2
19850571,2,3,2
19850571,2,4,2
19850571,2,5,2
19850571,3,4,2
19850571,3,5,2
19850571,4,5,2
19850572,1,2,1
19850574,1,2,2
19850574,1,3,2
19850574,1,4,2
19850574,1,5,2
19850574,2,3,2
19850574,2,4,2
19850574,2,5,2
19850574,3,4,2
19850574,3,5,2
19850574,4,5,2
19850575,1,3,1
19850575,1,4,2
19850575,1,5,2
19850575,2,3,2
19850575,2,4,1
19850575,3,4,1
19850575,3,5,1
19850575,4,5,1
19850577,1,2,2
19850577,1,3,2
19850577,2,3,2
19850578,1,4,1
19850578,1,5,1
19850578,2,3,1
19850578,2,4,1
19850578,2,5,2
19850578,3,4,1
19850578,3,5,1
19850578,4,5,2
19850579,1,2,1
19850579,1,3,2
19850580,1,2,1
19850580,2,3,1
19850581,1,3,1
19850581,2,3,1
19850582,1,2,1
19850584,1,2,2
19850584,1,3,2
19850584,1,5,2
19850584,2,3,2
19850584,2,4,2
19850584,2,5,2
19850584,3,5,2
19850584,4,5,2
19850585,1,2,2
19850585,1,3,1
19850585,1,4,2
19850585,1,5,1
19850585,2,3,1
19850585,3,4,1
19850585,3,5,1
19850585,4,5,1
19850586,1,2,1
19850586,1,3,1
19850586,2,3,2
19850586,3,4,2
19850587,1,2,1
19850587,1,3,1
19850587,2,3,2
19850588,1,2,2
19850588,1,3,1
19850588,1,4,1
19850588,1,5,1
19850588,2,3,1
19850588,2,4,1
19850588,2,5,1
19850588,3,4,2
19850588,3,5,2
19850588,4,5,2
19850589,1,2,1
19850589,1,3,1
19850589,1,4,2
19850589,2,3,2
19850589,2,4,1
19850589,3,4,1
19850590,1,2,2
19850590,1,3,1
19850590,1,4,2
19850590,1,5,2
19850590,2,3,2
19850590,2,4,2
19850590,2,5,1
19850590,3,4,2
19850590,3,5,1
19850590,4,5,1
19850591,1,2,1
19850592,1,2,2
19850592,1,3,1
19850592,2,3,1
19850593,1,2,2
19850593,1,3,2
19850593,1,4,2
19850593,1,5,2
19850593,2,3,2
19850593,2,4,2
19850593,2,5,2
19850593,3,4,2
19850593,3,5,2
19850593,4,5,2
19850594,1,2,2
19850594,1,3,2
19850594,1,4,1
19850594,1,5,2
19850594,2,3,2
19850594,2,4,1
19850594,2,5,2
19850594,3,4,1
19850594,4,5,2
19850595,1,2,1
19850595,1,3,1
19850595,1,4,1
19850595,1,5,1
19850595,2,3,2
19850595,2,4,1
19850595,2,5,1
19850595,3,4,1
19850595,4,5,2
19850596,1,2,1
19850596,1,3,1
19850596,2,3,1
19850598,1,2,2
19850599,1,2,1
19850599,1,3,1
19850600,1,2,1
19850600,1,3,1
19850600,2,3,1
19850601,1,2,2
19850601,1,3,1
19850601,1,5,2
19850601,2,3,2
19850601,2,5,2
19850601,3,5,2
19850603,1,2,1
19850604,1,2,2
19850604,1,3,2
19850604,1,5,2
19850604,2,3,1
19850604,2,5,2
19850604,3,5,2
19850605,1,2,2
19850605,1,3,2
19850605,2,3,2
19850606,1,2,1
19850606,1,3,1
19850606,1,4,1
19850606,2,3,1
19850606,2,4,1
19850606,3,4,2
19850607,1,2,2
19850607,1,3,2
19850607,1,4,2
19850607,2,3,2
19850607,2,4,2
19850607,3,4,2
19850609,1,2,2
19850610,1,2,1
19850610,1,3,1
19850610,1,4,1
19850610,2,3,2
19850610,2,4,2
19850610,3,4,1
19850611,1,2,1
19850611,1,3,1
19850611,2,3,2
19850612,1,2,1
19850612,1,3,1
19850612,2,3,1
19850614,1,3,2
19850614,1,4,1
19850614,2,3,1
19850614,2,4,1
19850616,1,2,2
19850616,1,3,1
19850616,2,3,1
19850619,1,2,2
19850619,1,3,1
19850619,1,4,1
19850619,2,3,1
19850619,2,4,1
19850619,3,4,1
19850620,1,2,1
19850620,1,3,1
19850620,2,3,1
19850623,1,2,1
19850624,1,2,2
19850627,1,2,2
19850628,1,2,1
19850628,1,4,1
19850628,1,5,1
19850628,2,3,2
19850628,2,4,2
19850628,2,5,2
19850628,3,5,1
19850628,4,5,2
19850631,1,2,2
19850632,1,2,2
19850632,1,3,1
19850632,2,3,1
19850639,1,2,2
19850639,1,3,2
19850639,2,3,2
19850642,1,2,2
19850645,1,2,2
19850645,1,3,1
19850645,1,4,2
19850645,1,5,2
19850645,2,3,2
19850645,2,4,2
19850645,2,5,2
19850645,3,4,2
19850645,3,5,2
19850645,4,5,2
19850646,1,2,2
19850648,1,2,2
19850648,1,3,2
19850648,2,3,2
19850651,1,2,2
19850651,1,3,2
19850651,2,3,2
19850657,1,2,1
19850657,1,3,1
19850657,1,4,1
19850657,2,4,2
19850659,1,2,1
19850660,1,2,2
19850660,1,3,2
19850660,1,4,1
19850660,2,3,1
19850660,2,4,2
19850660,3,4,1
19850661,1,2,2
19850661,1,3,2
19850661,1,4,2
19850661,1,5,2
19850661,2,3,2
19850661,2,4,2
19850661,2,5,2
19850661,3,4,2
19850661,3,5,2
19850661,4,5,2
19850662,1,2,2
19850663,1,2,1
19850664,1,2,2
19850664,3,4,2
19850666,1,2,2
19850669,1,2,1
19850669,1,3,2
19850669,1,4,2
19850669,1,5,2
19850669,2,3,2
19850669,2,4,2
19850669,2,5,2
19850669,3,4,2
19850669,3,5,2
19850669,4,5,2
19850670,1,2,1
19850670,1,3,1
19850670,1,4,1
19850670,2,3,1
19850670,2,4,1
19850671,1,2,2
19850671,1,3,2
19850671,1,4,2
19850671,2,3,2
19850671,2,4,2
19850671,2,5,2
19850671,3,4,2
19850671,3,5,1
19850671,4,5,1
19850672,1,2,1
19850672,1,3,1
19850672,2,3,1
19850673,1,2,2
19850673,1,3,2
19850673,1,4,2
19850673,1,5,2
19850673,2,3,1
19850673,2,4,2
19850673,2,5,1
19850673,3,4,1
19850673,3,5,1
19850673,4,5,1
19850674,1,3,1
19850674,1,4,1
19850674,2,3,1
19850674,2,4,1
19850674,3,4,2
19850676,1,3,1
19850676,1,4,1
19850676,2,4,2
19850676,2,5,1
19850676,3,4,1
19850676,3,5,1
19850676,4,5,1
19850679,1,2,2
19850679,1,3,1
19850679,1,4,1
19850679,2,4,1
19850681,1,2,2
19850681,2,3,2
19850683,1,2,1
19850683,1,3,1
19850683,1,4,1
19850683,1,5,1
19850683,2,3,1
19850683,2,5,2
19850683,3,4,1
19850683,3,5,1
19850683,4,5,1
19850684,1,3,1
19850685,1,2,1
19850685,1,3,2
19850685,2,3,2
19850686,1,2,2
19850686,1,3,2
19850686,1,4,2
19850686,1,5,2
19850686,2,3,2
19850686,2,4,2
19850686,2,5,2
19850686,3,4,2
19850686,3,5,2
19850686,4,5,2
19850687,1,2,2
19850687,1,3,1
19850687,2,3,2
19850688,1,3,1
19850689,1,2,2
19850689,1,3,2
19850689,1,4,1
19850689,2,3,2
19850689,2,4,1
19850689,3,4,1
19850693,1,2,2
19850693,1,3,2
19850693,2,3,2
19850695,1,2,1
19850695,1,3,2
19850695,1,4,2
19850695,2,3,2
19850696,1,2,2
19850696,1,3,2
19850696,1,4,2
19850696,2,3,2
19850696,2,4,2
19850696,3,4,2
19850697,1,2,1
19850697,1,3,1
19850697,2,3,2
19850699,1,5,1
19850699,2,5,1
19850699,3,4,1
19850699,4,5,2
19850702,1,2,1
19850702,1,3,1
19850702,1,4,1
19850702,2,3,1
19850702,2,4,1
19850702,3,4,1
19850705,1,3,2
19850706,1,2,1
19850706,1,3,1
19850706,1,4,1
19850706,1,5,1
19850706,2,3,1
19850706,2,4,1
19850706,2,5,1
19850706,3,4,2
19850706,3,5,1
19850706,4,5,1
19850707,1,2,2
19850707,1,3,2
19850707,1,4,1
19850707,2,3,2
19850707,2,4,2
19850707,3,4,1
19850708,1,2,1
19850708,1,3,1
19850708,1,4,2
19850708,1,5,2
19850708,2,3,1
19850708,2,4,1
19850708,2,5,1
19850708,3,4,1
19850708,3,5,1
19850708,4,5,2
19850710,1,3,1
19850710,1,4,2
19850710,1,5,2
19850710,4,5,2
19850711,1,2,1
19850711,1,3,1
19850711,1,4,2
19850711,2,3,2
19850711,2,4,1
19850712,1,2,2
19850712,1,5,1
19850712,2,4,1
19850712,2,5,2
19850712,3,4,2
19850712,3,5,2
19850712,4,5,1
19850714,1,2,2
19850716,1,2,2
19850716,1,4,1
19850717,1,2,2
19850717,1,3,2
19850718,1,2,1
19850718,1,3,2
19850718,1,4,2
19850718,1,5,1
19850719,1,2,1
19850719,1,3,2
19850719,2,3,1
19850720,1,2,1
19850721,1,2,1
19850721,1,3,1
19850721,1,4,1
19850721,2,3,1
19850721,2,4,2
19850721,3,4,1
19850722,1,2,1
19850722,1,3,1
19850722,1,4,1
19850722,2,3,2
19850722,2,4,1
19850722,3,4,1
19850726,1,2,2
19850726,1,3,2
19850726,1,4,2
19850726,2,3,2
19850726,2,5,2
19850726,3,4,2
19850726,3,5,2
19850726,4,5,2
19850727,1,2,2
19850727,1,3,2
19850727,1,4,2
19850727,1,5,2
19850727,2,3,2
19850727,2,4,2
19850727,2,5,2
19850727,3,4,2
19850727,3,5,2
19850727,4,5,2
19850728,1,2,1
19850729,1,2,1
19850729,2,3,2
19850729,2,4,1
19850729,3,4,2
19850730,1,3,2
19850730,2,3,1
19850731,1,2,2
19850731,1,3,2
19850731,2,3,2
19850732,1,2,1
19850734,1,2,1
19850739,1,5,2
19850739,2,3,2
19850739,2,4,1
19850739,3,4,1
19850740,1,2,2
19850740,1,3,2
19850740,1,4,1
19850740,2,3,2
19850740,2,4,2
19850740,3,4,2
19850742,1,2,2
19850744,1,2,1
19850744,2,3,1
19850746,1,2,1
19850746,2,3,2
19850746,3,4,2
19850746,4,5,2
19850747,1,2,1
19850747,2,3,2
19850747,3,4,2
19850749,1,2,2
19850750,1,2,1
19850751,1,2,2
19850752,1,3,2
19850752,2,3,2
19850753,1,3,1
19850753,1,4,1
19850753,2,3,1
19850753,3,5,1
19850755,2,3,2
19850755,2,4,2
19850755,2,5,2
19850755,3,4,2
19850755,3,5,2
19850755,4,5,2
19850756,1,2,2
19850756,1,3,1
19850756,1,4,2
19850756,1,5,2
19850756,2,3,1
19850756,2,4,1
19850756,2,5,1
19850756,3,4,1
19850756,3,5,1
19850756,4,5,2
19850758,1,2,1
19850758,1,4,1
19850759,1,2,1
19850759,1,3,2
19850760,1,2,1
19850760,1,3,1
19850760,1,4,2
19850760,1,5,1
19850760,2,4,1
19850760,3,4,2
19850760,3,5,1
19850760,4,5,1
19850761,1,2,2
19850761,3,4,2
19850761,4,5,2
19850762,1,2,1
19850762,1,3,1
19850762,1,5,1
19850762,2,3,2
19850762,2,4,1
19850762,2,5,1
19850762,3,4,2
19850762,3,5,1
19850762,4,5,1
19850764,1,2,2
19850764,1,3,2
19850764,1,4,1
19850764,2,3,1
19850764,2,4,2
19850764,3,4,1
19850764,3,5,2
19850765,2,3,2
19850767,1,2,2
19850767,1,3,1
19850767,1,4,1
19850767,2,4,1
19850767,3,4,2
19850768,1,2,1
19850768,1,3,1
19850768,1,4,1
19850769,1,2,2
19850769,1,3,2
19850769,2,3,2
19850770,1,2,2
19850770,1,3,2
19850770,2,3,2
19850771,1,2,2
19850771,1,3,2
19850771,2,3,2
19850772,1,2,2
19850772,1,3,2
19850772,2,3,1
19850773,1,2,2
19850774,1,2,1
19850774,1,3,2
19850774,1,4,1
19850774,2,3,1
19850774,2,4,1
19850774,3,4,2
19850775,1,2,2
19850775,1,3,2
19850775,2,3,2
19850776,1,2,1
19850777,1,2,1
19850777,1,3,1
19850777,2,3,1
19850778,2,3,1
19850779,1,2,2
19850779,1,3,2
19850779,2,3,2
19850780,1,2,1
19850780,1,3,1
19850780,2,3,1
19850781,1,2,1
19850781,1,3,2
19850781,1,4,2
19850781,1,5,1
19850781,2,3,1
19850781,2,5,2
19850781,3,4,2
19850781,3,5,1
19850782,1,2,1
19850782,1,3,1
19850782,2,3,2
19850782,2,4,2
19850782,3,4,2
19850783,1,2,2
19850784,1,2,1
19850784,2,3,2
19850786,1,2,1
19850786,1,3,2
19850786,1,4,2
19850786,2,3,1
19850786,2,4,1
19850786,3,4,2
19850787,1,2,1
19850787,1,3,1
19850787,1,4,1
19850787,2,3,1
19850787,2,4,1
19850787,3,4,1
19850788,1,2,1
19850790,1,2,1
19850790,1,3,2
19850790,1,4,2
19850790,3,4,1
19850791,1,2,2
19850791,1,3,2
19850791,2,3,2
19850794,1,2,1
19850795,1,2,2
19850798,1,2,2
19850799,1,2,1
19850799,1,3,2
19850799,1,4,1
19850799,1,5,2
19850799,3,4,1
19850799,3,5,2
19850800,1,2,2
19850800,1,3,2
19850800,2,3,2
19850802,1,2,1
19850802,1,3,2
19850802,2,3,1
19850803,1,2,1
19850803,1,3,1
19850803,2,3,1
19850803,3,4,1
19850803,3,5,2
19850803,4,5,1
19850805,1,2,2
19850806,1,2,1
19850806,1,3,1
19850806,2,3,2
19850807,1,2,2
19850808,1,2,1
19850810,1,2,1
19850810,1,3,1
19850810,1,5,1
19850810,2,3,1
19850810,2,4,1
19850810,2,5,1
19850810,3,4,1
19850810,3,5,2
19850811,1,2,2
19850811,1,3,1
19850811,1,4,2
19850811,2,3,1
19850811,2,4,2
19850811,3,4,1
19850818,1,2,2
19850818,1,3,1
19850818,2,3,1
19850820,3,4,2
19850821,1,2,1
19850821,1,3,1
19850821,2,3,1
19850822,1,2,1
19850824,1,2,2
19850825,1,4,1
19850825,1,5,1
19850825,4,5,1
19850826,1,2,2
19850826,1,3,2
19850826,1,4,2
19850826,1,5,2
19850826,2,3,2
19850826,2,4,2
19850826,2,5,2
19850826,3,4,2
19850826,3,5,2
19850826,4,5,2
19850827,1,2,1
19850827,1,3,2
19850827,2,3,2
19850828,1,2,2
19850828,1,5,2
19850828,2,5,2
19850828,3,4,2
19850829,1,2,1
19850829,1,3,2
19850829,1,4,2
19850829,2,3,1
19850829,2,4,1
19850829,3,4,1
19850830,1,2,2
19850830,1,4,1
19850830,1,5,2
19850830,2,4,1
19850830,2,5,2
19850830,3,4,2
19850830,3,5,2
19850830,4,5,2
19850831,1,2,2
19850832,1,2,1
19850832,1,3,1
19850832,1,4,2
19850832,2,3,1
19850832,2,4,1
19850834,1,2,1
19850835,1,2,2
19850835,1,3,2
19850835,2,3,2
19850837,1,2,2
19850838,1,3,1
19850838,2,3,1
19850839,1,2,2
19850839,1,3,2
19850839,1,4,2
19850839,1,5,2
19850839,2,3,2
19850839,2,4,2
19850839,2,5,2
19850839,3,4,2
19850839,3,5,2
19850839,4,5,2
19850840,1,2,1
19850840,2,3,1
19850840,3,4,2
19850840,4,5,2
19850841,1,2,1
19850842,1,2,2
19850842,1,3,2
19850842,1,4,2
19850842,1,5,1
19850842,2,3,2
19850842,2,4,2
19850842,2,5,1
19850842,3,4,2
19850842,3,5,1
19850842,4,5,1
19850846,1,2,2
19850846,1,3,1
19850846,2,3,1
19850847,1,2,2
19850848,1,2,2
19850849,1,2,1
19850849,1,3,1
19850849,1,4,1
19850849,2,3,2
19850849,2,4,2
19850849,3,4,2
19850850,1,2,1
19850850,1,3,1
19850850,1,4,1
19850850,1,5,2
19850850,2,3,1
19850850,2,4,1
19850850,2,5,1
19850850,3,4,1
19850850,4,5,1
19850851,1,2,2
19850851,1,3,1
19850851,1,4,2
19850851,2,3,2
19850851,2,4,2
19850852,1,2,2
19850852,1,3,2
19850852,2,3,2
19850853,1,2,2
19850853,1,4,1
19850853,3,4,1
19850854,1,2,1
19850854,1,3,1
19850856,1,2,1
19850856,1,3,2
19850856,1,4,2
19850856,2,3,1
19850856,3,4,2
19850857,1,2,2
19850857,1,3,2
19850857,2,3,2
19850858,1,2,1
19850858,1,3,1
19850858,2,3,1
19850859,1,2,2
19850859,1,3,2
19850859,1,4,2
19850859,2,3,2
19850859,2,4,2
19850859,3,4,2
19850860,1,2,2
19850860,1,3,1
19850860,1,4,1
19850860,2,4,1
19850860,3,4,1
19850861,1,2,2
19850861,1,3,2
19850861,2,3,2
19850862,1,2,2
19850862,1,3,2
19850862,1,4,2
19850862,2,3,2
19850862,2,4,2
19850862,3,4,2
19850863,1,2,1
19850863,3,4,2
19850863,3,5,2
19850863,4,5,2
19850864,1,2,2
19850864,1,3,2
19850864,2,3,2
19850865,1,3,1
19850865,2,3,2
19850866,1,2,1
19850866,1,3,2
19850866,1,4,2
19850866,2,3,1
19850866,3,4,2
19850867,1,2,2
19850867,1,3,2
19850867,2,3,2
19850867,3,4,2
19850868,1,2,1
19850868,1,3,1
19850868,1,4,1
19850868,1,5,1
19850868,2,3,1
19850868,2,4,1
19850868,2,5,1
19850868,3,4,1
19850868,3,5,1
19850868,4,5,1
19850869,1,2,1
19850869,1,3,1
19850869,1,4,1
19850869,1,5,1
19850869,2,3,1
19850869,2,4,2
19850869,2,5,2
19850869,3,4,2
19850869,3,5,1
19850869,4,5,2
19850870,1,3,1
19850870,1,4,1
19850870,2,4,2
19850870,3,4,1
19850871,1,2,2
19850871,1,3,2
19850871,2,3,2
19850872,1,3,2
19850873,1,2,2
19850873,1,3,2
19850873,1,4,2
19850873,2,3,2
19850873,2,4,2
19850873,3,4,2
19850874,1,2,2
19850874,1,3,2
19850874,1,4,1
19850874,2,3,1
19850874,3,4,2
19850874,3,5,2
19850874,4,5,2
19850875,1,2,2
19850875,1,3,2
19850875,1,4,2
19850875,2,3,2
19850875,3,4,2
19850875,3,5,1
19850875,4,5,1
19850876,1,2,2
19850877,1,2,1
19850877,1,3,1
19850877,1,4,2
19850877,2,3,1
19850877,2,4,1
19850877,3,4,2
19850878,1,2,2
19850879,1,2,1
19850879,1,3,2
19850879,1,4,1
19850879,2,3,2
19850880,1,2,2
19850880,1,3,1
19850880,1,5,1
19850880,2,3,1
19850880,2,4,1
19850880,2,5,1
19850880,3,4,1
19850880,3,5,1
19850880,4,5,2
19850881,1,2,2
19850881,1,3,2
19850881,2,3,2
19850882,1,2,2
19850882,1,3,1
19850882,2,3,1
19850882,3,4,2
19850882,3,5,1
19850882,4,5,2
19850884,1,2,1
19850885,1,2,2
19850886,1,2,1
19850886,1,3,2
19850886,1,4,1
19850886,2,3,1
19850886,2,4,2
19850886,3,4,1
19850888,1,2,2
19850888,1,3,2
19850888,1,4,2
19850888,2,4,2
19850889,1,2,2
19850890,1,2,1
19850890,1,3,1
19850890,1,4,1
19850890,1,5,1
19850890,2,3,1
19850890,2,4,2
19850890,3,4,2
19850891,1,2,2
19850891,1,3,1
19850892,1,2,1
19850892,1,3,1
19850892,2,3,1
19850893,1,2,2
19850893,1,3,2
19850893,1,4,2
19850893,1,5,2
19850893,2,3,2
19850893,2,4,2
19850893,2,5,2
19850893,3,4,2
19850893,3,5,2
19850893,4,5,2
19850894,1,2,1
19850894,1,3,1
19850894,2,3,1
19850895,1,2,1
19850896,1,2,2
19850896,1,3,1
19850896,1,4,1
19850896,2,3,1
19850896,2,4,1
19850896,3,4,2
19850899,1,2,2
19850899,1,3,2
19850899,2,3,2
19850900,1,2,1
19850900,1,3,1
19850900,2,3,1
19850901,1,2,1
19850901,1,3,2
19850901,1,4,2
19850901,1,5,1
19850901,2,3,2
19850901,2,4,1
19850901,2,5,2
19850901,3,4,2
19850901,3,5,2
19850901,4,5,1
19850902,1,2,2
19850902,1,3,1
19850902,1,4,1
19850902,1,5,1
19850902,2,3,1
19850902,2,4,2
19850902,2,5,1
19850902,3,4,2
19850902,3,5,1
19850902,4,5,2
19850904,1,2,2
19850904,1,3,2
19850904,1,4,2
19850904,2,4,1
19850904,3,4,1
19850905,1,2,1
19850905,1,3,1
19850905,1,4,1
19850905,2,3,1
19850905,3,4,1
19850906,1,2,2
19850908,1,2,2
19850908,1,3,2
19850908,1,4,2
19850908,2,3,1
19850908,2,4,2
19850908,3,4,1
19850909,1,2,1
19850909,1,3,1
19850909,2,3,2
19850911,1,2,2
19850913,1,2,2
19850913,3,4,2
19850914,1,2,1
19850914,1,3,1
19850914,1,4,1
19850914,1,5,1
19850914,2,3,1
19850914,2,4,1
19850914,2,5,1
19850915,1,2,1
19850915,3,4,1
19850915,3,5,2
19850915,4,5,2
19850916,1,2,1
19850916,1,4,1
19850916,2,4,1
19850916,3,4,2
19850918,1,2,2
19850918,1,3,2
19850918,2,3,2
19850919,1,2,2
19850920,1,2,1
19850920,1,3,1
19850920,1,4,1
19850920,2,3,2
19850920,2,4,2
19850920,3,4,2
19850921,1,2,2
19850921,1,3,2
19850921,2,3,2
19850922,1,2,2
19850922,1,3,1
19850923,1,2,2
19850924,1,2,2
19850924,1,3,2
19850924,1,4,1
19850924,2,3,2
19850924,2,4,1
19850924,3,4,1
19850927,1,2,2
19850927,1,3,2
19850927,2,3,1
19850928,1,2,2
19850928,1,3,2
19850929,1,3,1
19850929,1,4,2
19850929,2,3,2
19850930,1,2,2
19850930,1,3,2
19850930,1,4,1
19850930,1,5,2
19850930,2,4,2
19850930,2,5,2
19850930,3,5,2
19850930,4,5,2
19850931,1,2,2
19850931,1,3,1
19850931,2,3,2
19850932,1,2,2
19850932,1,3,2
19850932,1,4,2
19850932,1,5,2
19850932,2,3,2
19850932,2,4,2
19850932,2,5,2
19850932,3,4,2
19850932,3,5,2
19850932,4,5,2
19850933,1,2,2
19850933,1,3,1
19850933,1,4,2
19850933,2,4,1
19850934,1,2,1
19850935,2,3,1
19850936,1,2,1
19850936,1,4,1
19850936,2,4,1
19850936,3,4,1
19850937,1,2,1
19850939,1,2,2
19850939,1,3,2
19850939,1,4,1
19850939,1,5,2
19850939,2,3,2
19850939,2,4,1
19850939,2,5,1
19850939,3,4,1
19850939,3,5,2
19850939,4,5,1
19850940,1,2,2
19850940,1,3,2
19850940,2,3,2
19850941,1,2,1
19850941,1,3,2
19850941,1,4,2
19850941,1,5,2
19850941,3,4,2
19850941,3,5,2
19850941,4,5,2
19850942,1,2,1
19850942,1,3,2
19850942,2,3,1
19850943,1,2,1
19850943,1,3,2
19850943,2,3,1
19850944,1,3,1
19850946,1,2,2
19850946,1,3,1
19850946,1,4,2
19850946,3,4,1
19850947,1,2,1
19850948,1,2,2
19850948,1,3,2
19850948,1,4,2
19850948,1,5,2
19850948,2,3,2
19850948,2,4,2
19850948,3,4,1
19850948,3,5,1
19850948,4,5,1
19850954,1,2,2
19850957,1,2,2
19850960,1,3,1
19850961,1,2,2
19850961,1,3,1
19850961,2,3,1
19850962,1,2,1
19850962,1,4,1
19850962,2,3,2
19850962,2,4,1
19850963,1,2,2
19850963,2,3,1
19850964,1,2,1
19850964,1,3,2
19850964,2,3,1
19850965,1,2,2
19850965,1,3,1
19850965,1,4,1
19850965,2,3,1
19850965,3,4,1
19850967,1,2,2
19850967,1,3,1
19850967,1,4,2
19850967,1,5,2
19850967,2,3,2
19850967,2,4,1
19850967,2,5,1
19850967,4,5,2
19850968,1,2,2
19850968,1,3,1
19850968,2,3,1
19850968,2,4,1
19850969,1,4,1
19850969,1,5,1
19850969,4,5,2
19850970,1,2,1
19850970,1,3,1
19850970,1,4,2
19850970,1,5,1
19850970,2,3,2
19850970,2,4,1
19850970,2,5,2
19850970,3,5,1
19850970,4,5,1
19850971,1,2,2
19850971,1,3,1
19850971,1,4,2
19850971,1,5,2
19850971,2,3,1
19850971,2,4,1
19850971,2,5,2
19850971,4,5,2
19850973,1,2,1
19850973,1,3,1
19850973,1,4,1
19850973,2,3,1
19850973,2,4,1
19850973,3,4,1
19850974,1,2,2
19850976,1,2,2
19850976,1,3,1
19850976,1,4,1
19850976,2,3,1
19850976,2,4,1
19850976,3,4,1
19850977,1,2,2
19850977,1,3,1
19850977,1,4,2
19850977,1,5,2
19850977,2,4,2
19850977,2,5,2
19850977,4,5,2
19850978,1,2,2
19850978,1,3,2
19850978,1,4,2
19850978,1,5,2
19850978,2,3,2
19850978,4,5,2
19850979,1,2,2
19850979,1,3,1
19850979,1,4,2
19850979,1,5,1
19850979,2,3,1
19850979,2,4,2
19850979,2,5,2
19850979,3,4,1
19850979,3,5,1
19850979,4,5,1
19850980,1,2,2
19850980,1,3,2
19850980,1,4,2
19850980,1,5,2
19850980,2,3,2
19850980,2,4,2
19850980,3,4,2
19850980,4,5,1
19850981,1,2,2
19850981,1,3,1
19850981,1,4,1
19850981,2,3,1
19850981,2,4,1
19850981,3,4,2
19850983,1,3,1
19850983,2,3,1
19850983,2,5,1
19850983,3,4,1
19850983,3,5,1
19850983,4,5,1
19850984,1,2,2
19850984,1,3,2
19850984,2,3,2
19850985,1,2,1
19850985,1,3,1
19850985,2,3,2
19850986,1,2,2
19850986,1,3,2
19850986,1,4,2
19850986,2,3,1
19850986,2,4,1
19850986,3,4,2
19850987,1,2,2
19850987,1,3,2
19850987,2,3,1
19850988,1,2,2
19850988,1,3,2
19850988,1,4,2
19850988,1,5,2
19850988,2,3,2
19850988,2,4,2
19850988,2,5,2
19850988,3,4,2
19850988,3,5,2
19850988,4,5,2
19850989,1,2,2
19850989,2,3,1
19850989,3,4,1
19850989,3,5,2
19850990,1,2,2
19850991,1,2,1
19850991,1,3,1
19850991,1,4,1
19850991,2,4,1
19850991,3,4,1
19850992,1,2,2
19850993,1,2,2
19850993,1,3,1
19850993,2,3,2
19850995,1,2,1
19850995,1,3,1
19850995,2,3,1
19850995,4,5,1
19850996,1,2,1
19850996,1,3,2
19850996,2,3,1
19850997,1,2,2
19850997,1,4,1
19850997,1,5,1
19850997,2,4,1
19850997,3,4,2
19850997,4,5,2
19850998,1,2,2
19850998,1,3,2
19850998,1,4,1
19850998,1,5,1
19850998,2,3,1
19850998,4,5,1
19850999,1,2,1
19850999,1,3,2
19850999,1,4,1
19850999,1,5,1
19850999,2,3,2
19850999,2,4,1
19850999,2,5,1
19850999,3,4,1
19850999,3,5,2
19850999,4,5,1
19851000,1,3,1
19851000,2,5,1
19851000,3,4,1
19851000,3,5,1
19851000,4,5,2
19851001,1,2,1
19851001,1,3,2
19851001,1,4,2
19851001,1,5,1
19851001,2,3,1
19851001,2,4,1
19851001,3,4,1
19851001,4,5,1
19851002,1,2,2
19851002,1,3,2
19851002,2,3,2
19851003,1,2,1
19851003,1,3,1
19851004,1,4,1
19851004,2,3,1
19851004,3,4,1
19851005,1,2,1
19851005,1,3,1
19851005,1,4,1
19851005,2,3,1
19851005,3,4,1
19851006,1,2,1
19851006,1,3,1
19851006,1,4,1
19851006,2,3,1
19851006,2,4,2
19851006,3,4,1
19851008,1,2,1
19851008,1,3,1
19851008,1,4,1
19851008,1,5,1
19851008,2,3,2
19851008,4,5,2
19851009,1,2,1
19851009,1,3,1
19851009,2,3,1
19851010,1,2,2
19851010,1,3,1
19851010,1,4,1
19851010,1,5,1
19851010,2,3,1
19851010,2,4,1
19851010,2,5,1
19851010,3,4,2
19851010,3,5,1
19851010,4,5,1
19851011,1,2,2
19851011,1,3,1
19851011,2,3,1
19851012,1,2,1
19851012,1,3,1
19851012,1,4,1
19851012,2,3,2
19851012,2,4,1
19851012,3,4,1
19851014,1,2,1
19851014,2,3,1
19851016,1,2,1
19851017,1,2,2
19851017,1,3,2
19851017,2,3,2
19851018,1,2,1
19851018,1,3,2
19851018,1,4,1
19851018,2,3,1
19851018,3,4,1
19851019,1,2,1
19851020,1,2,1
19851020,1,3,1
19851020,1,4,1
19851020,1,5,1
19851020,2,3,2
19851020,2,4,1
19851020,2,5,2
19851020,3,4,1
19851020,4,5,1
19851021,1,2,1
19851022,1,3,2
19851022,1,4,2
19851022,3,4,2
19851023,1,2,1
19851024,1,4,1
19851024,1,5,1
19851024,2,3,2
19851024,2,5,1
19851024,3,5,1
19851024,4,5,1
19851027,1,2,1
19851027,1,3,1
19851027,2,3,1
19851028,1,2,1
19851028,2,3,1
19851029,1,2,2
19851029,1,3,2
19851029,1,4,1
19851029,2,3,2
19851029,2,4,1
19851031,1,2,2
19851032,1,2,2
19851034,1,2,2
19851034,1,3,2
19851034,2,3,2
19851036,1,2,2
19851036,1,3,2
19851036,2,3,2
19851037,1,2,2
19851037,1,3,2
19851037,2,3,1
19851038,1,2,2
19851038,1,3,1
19851038,1,4,1
19851038,2,3,1
19851038,2,4,1
19851039,1,2,1
19851039,1,3,1
19851039,2,3,1
19851041,1,2,1
19851041,1,3,1
19851042,1,2,2
19851042,1,3,1
19851042,2,3,1
19851043,1,4,1
19851043,2,3,1
19851045,1,2,1
19851047,1,2,2
19851047,1,3,2
19851047,2,3,2
19851048,1,2,1
19851049,1,2,1
19851049,1,3,1
19851049,1,4,1
19851050,1,2,2
19851050,1,3,2
19851050,1,4,2
19851050,2,3,2
19851050,2,4,2
19851050,3,4,2
19851052,1,2,2
19851052,1,4,1
19851052,1,5,1
19851052,2,3,1
19851052,2,4,1
19851052,2,5,1
19851052,3,4,1
19851053,1,2,1
19851053,1,3,2
19851053,1,4,2
19851053,2,3,2
19851053,2,4,2
19851053,3,4,2
19851055,1,2,2
19851055,1,5,2
19851055,2,3,1
19851055,2,4,2
19851055,2,5,1
19851055,3,4,2
19851056,1,2,2
19851056,1,3,2
19851056,1,4,1
19851056,1,5,1
19851056,2,3,2
19851056,2,4,1
19851056,2,5,2
19851056,4,5,2
19851057,1,3,2
19851057,2,5,2
19851057,3,4,2
19851057,3,5,2
19851059,1,2,2
19851059,1,3,2
19851059,1,4,2
19851059,3,4,1
19851061,1,2,2
19851061,1,3,2
19851061,2,3,2
19851062,1,3,2
19851063,1,2,1
19851063,1,3,2
19851063,1,4,1
19851063,1,5,2
19851063,2,3,1
19851063,2,4,1
19851063,2,5,1
19851063,3,4,1
19851063,3,5,2
19851064,1,2,2
19851064,1,3,2
19851064,1,4,2
19851064,1,5,2
19851064,2,3,2
19851064,2,4,2
19851064,2,5,2
19851064,3,4,2
19851064,3,5,2
19851064,4,5,2
19851065,1,2,1
19851065,1,3,1
19851065,2,3,2
19851066,1,2,2
19851066,2,3,1
19851067,1,2,2
19851067,1,3,1
19851067,1,4,1
19851067,2,3,1
19851067,2,4,2
19851067,3,4,1
19851068,1,2,1
19851068,1,3,2
19851068,1,4,1
19851068,1,5,1
19851068,2,3,1
19851068,3,4,1
19851068,3,5,1
19851068,4,5,1
19851069,1,2,2
19851069,1,3,1
19851069,1,4,1
19851069,1,5,2
19851069,2,4,1
19851069,2,5,1
19851069,4,5,1
19851070,1,2,2
19851070,1,3,2
19851070,1,4,2
19851070,2,3,2
19851070,2,4,2
19851070,3,4,2
19851071,1,2,2
19851071,1,3,2
19851071,1,4,2
19851071,1,5,2
19851071,2,3,1
19851071,2,4,1
19851071,2,5,2
19851071,3,4,2
19851071,3,5,1
19851071,4,5,1
19851073,1,2,1
19851073,1,3,1
19851073,1,4,1
19851073,1,5,1
19851073,2,5,1
19851073,3,4,1
19851074,1,2,2
19851074,1,3,1
19851074,1,4,1
19851074,1,5,2
19851074,2,4,1
19851074,2,5,1
19851075,1,2,1
19851075,1,3,1
19851075,1,4,2
19851075,1,5,2
19851075,2,3,1
19851075,2,4,1
19851075,2,5,1
19851075,3,4,1
19851075,3,5,1
19851075,4,5,2
19851076,1,2,2
19851076,1,3,2
19851076,2,3,2
19851077,1,2,1
19851077,1,3,1
19851077,1,4,1
19851077,2,3,2
19851077,2,4,1
19851077,2,5,2
19851077,3,4,1
19851077,3,5,1
19851077,4,5,1
19851078,1,2,1
19851080,1,2,2
19851080,1,3,2
19851080,2,3,2
19851081,1,2,2
19851081,1,3,2
19851081,1,4,1
19851081,1,5,2
19851081,2,3,1
19851081,2,4,2
19851081,2,5,2
19851081,3,4,2
19851081,3,5,2
19851081,4,5,2
19851083,1,2,1
19851083,1,3,1
19851083,1,4,1
19851083,2,3,1
19851083,3,4,1
19851084,1,2,1
19851084,1,3,1
19851085,1,2,1
19851085,1,3,1
19851085,2,3,1
19851088,1,2,2
19851088,1,5,1
19851088,2,5,1
19851088,3,4,2
19851089,1,2,2
19851089,1,3,2
19851089,1,4,2
19851089,2,3,2
19851089,2,4,2
19851089,3,4,2
19851090,1,2,2
19851090,1,3,2
19851090,1,4,1
19851090,2,3,2
19851090,2,4,1
19851090,3,4,1
19851092,1,2,2
19851093,1,2,2
19851093,1,3,1
19851093,1,4,1
19851093,3,4,2
19851093,3,5,2
19851093,4,5,2
19851094,1,2,1
19851095,1,2,1
19851095,1,3,1
19851095,1,4,1
19851095,1,5,1
19851096,1,2,1
19851096,3,4,2
19851097,1,2,2
19851097,1,3,2
19851097,2,3,2
19851098,1,2,2
19851098,1,3,2
19851098,1,4,1
19851098,1,5,2
19851098,2,3,2
19851098,2,4,1
19851098,2,5,2
19851098,3,4,1
19851098,3,5,1
19851098,4,5,1
19851099,1,4,1
19851099,1,5,1
19851099,2,3,1
19851099,2,5,1
19851099,3,5,1
19851100,1,2,1
19851100,1,3,1
19851100,2,3,2
19851101,1,2,1
19851101,1,3,1
19851103,1,2,2
19851103,1,4,1
19851103,1,5,1
19851103,2,3,2
19851103,2,4,2
19851103,2,5,2
19851103,3,4,1
19851103,3,5,1
19851103,4,5,2
19851104,1,2,2
19851104,2,3,2
19851104,3,4,2
19851104,4,5,2
19851105,1,2,1
19851105,1,3,1
19851105,1,4,1
19851105,1,5,1
19851105,3,4,2
19851106,1,2,1
19851106,1,3,1
19851106,1,4,1
19851106,2,4,2
19851106,3,4,1
19851107,1,2,2
19851107,1,3,2
19851107,2,3,2
19851108,1,2,2
19851108,1,3,2
19851108,1,4,2
19851108,2,3,1
19851108,2,4,2
19851108,3,4,1
19851109,1,2,1
19851109,1,3,1
19851109,1,4,1
19851109,2,3,2
19851110,1,2,2
19851111,1,2,1
19851111,1,3,1
19851111,1,4,1
19851111,2,3,1
19851111,2,4,1
19851111,3,4,2
19851112,1,2,1
19851112,1,3,1
19851112,2,3,2
19851113,1,2,1
19851113,1,3,1
19851113,2,3,1
19851114,1,2,2
19851114,3,4,2
19851116,1,2,1
19851116,3,4,2
19851116,3,5,2
19851116,4,5,2
19851117,1,2,2
19851117,1,3,2
19851117,2,3,2
19851121,1,2,2
19851121,1,3,1
19851121,2,3,1
19851123,1,2,1
19851123,2,3,1
19851124,1,2,2
19851124,1,3,1
19851124,1,4,2
19851124,2,3,2
19851124,2,4,2
19851124,3,4,2
19851125,1,2,2
19851125,1,3,2
19851125,2,3,1
19851126,1,2,2
19851127,1,3,1
19851127,2,3,1
19851127,2,4,1
19851127,3,4,2
19851128,1,3,1
19851128,2,3,1
19851128,2,4,1
19851128,3,4,2
19851130,1,2,1
19851130,1,3,2
19851131,1,2,2
19851133,1,2,2
19851133,1,3,1
19851133,1,4,2
19851133,1,5,1
19851133,2,3,1
19851133,2,4,1
19851133,2,5,1
19851133,3,4,1
19851133,3,5,1
19851133,4,5,1
19851134,1,2,2
19851134,1,3,2
19851134,2,3,2
19851135,1,2,2
19851135,1,3,1
19851135,1,4,1
19851135,1,5,1
19851135,2,3,1
19851135,2,4,1
19851135,2,5,1
19851135,3,4,2
19851135,3,5,1
19851135,4,5,1
19851136,1,2,1
19851137,1,2,1
19851137,1,3,1
19851137,1,4,1
19851137,1,5,2
19851137,2,3,1
19851137,2,4,1
19851137,2,5,1
19851137,3,4,2
19851137,3,5,1
19851137,4,5,1
19851139,1,2,2
19851142,1,2,1
19851142,1,3,1
19851143,1,2,1
19851143,1,3,1
19851143,2,3,1
19851144,1,2,2
19851144,1,3,2
19851144,1,4,2
19851144,2,3,2
19851144,2,4,2
19851144,3,4,2
19851145,1,2,1
19851147,1,2,2
19851148,1,2,2
19851148,3,4,2
19851149,1,2,1
19851149,1,3,1
19851149,2,3,1
19851150,2,3,2
19851150,2,4,1
19851150,2,5,1
19851150,3,4,1
19851150,3,5,1
19851150,4,5,1
19851151,1,3,1
19851151,2,3,1
19851152,1,2,1
19851152,1,3,1
19851152,1,4,1
19851152,3,4,1
19851153,1,2,2
19851153,1,3,2
19851153,2,3,2
19851158,1,2,2
19851158,1,3,1
19851158,2,3,1
19851160,1,2,2
19851161,1,2,2
19851161,1,3,2
19851161,2,3,2
19851162,1,2,1
19851162,1,3,1
19851162,2,3,1
19851163,1,2,2
19851163,1,3,2
19851163,1,4,2
19851163,2,3,2
19851163,3,4,2
19851164,1,2,1
19851167,1,2,2
19851167,1,3,1
19851167,2,3,1
19851169,1,2,1
19851169,1,3,2
19851169,1,5,1
19851169,2,3,2
19851169,2,4,2
19851169,2,5,2
19851169,3,4,2
19851169,3,5,2
19851169,4,5,2
19851170,1,2,2
19851170,1,3,2
19851170,1,4,2
19851170,1,5,2
19851170,2,3,1
19851170,2,5,1
19851170,3,4,2
19851170,3,5,2
19851170,4,5,2
19851171,1,2,2
19851171,1,3,1
19851171,1,4,1
19851171,2,3,2
19851171,2,4,2
19851171,3,4,2
19851172,1,2,2
19851172,1,3,2
19851172,1,4,2
19851172,1,5,1
19851172,2,3,1
19851172,2,4,1
19851172,2,5,1
19851172,3,4,2
19851173,1,2,2
19851173,1,3,2
19851173,2,3,1
19851174,2,4,1
19851174,4,5,2
19851176,1,2,2
19851176,1,3,2
19851176,1,4,2
19851176,1,5,2
19851176,2,3,1
19851176,2,4,1
19851176,2,5,1
19851176,3,4,1
19851176,3,5,1
19851176,4,5,2
19851177,1,2,1
19851177,1,3,2
19851177,2,3,2
19851178,1,2,2
19851180,1,2,1
19851180,1,3,2
19851180,1,4,2
19851180,2,3,1
19851180,2,4,1
19851180,2,5,1
19851180,3,4,2
19851181,1,2,2
19851182,1,2,1
19851182,1,3,1
19851182,2,3,1
19851183,1,2,1
19851183,1,3,1
19851183,2,3,1
19851184,1,2,1
19851186,1,2,2
19851187,1,2,1
19851187,1,3,2
19851188,1,2,1
19851188,1,3,1
19851188,2,3,1
19851189,1,2,2
19851190,1,2,2
19851190,1,5,1
19851190,2,3,2
19851190,2,4,2
19851190,2,5,1
19851190,3,4,2
19851190,4,5,1
19851192,1,2,1
19851192,1,3,2
19851192,2,3,2
19851194,1,2,1
19851194,1,3,1
19851194,1,4,1
19851194,1,5,1
19851194,2,3,1
19851194,2,4,2
19851194,2,5,1
19851194,3,4,1
19851194,3,5,1
19851194,4,5,2
19851195,1,2,1
19851195,1,3,1
19851195,2,3,2
19851196,1,2,1
19851196,1,3,2
19851196,1,4,2
19851196,1,5,2
19851196,3,4,2
19851196,3,5,1
19851196,4,5,1
19851197,1,2,2
19851197,1,3,2
19851197,1,4,2
19851197,1,5,2
19851197,2,3,2
19851197,2,4,2
19851197,2,5,2
19851197,3,4,2
19851197,3,5,2
19851197,4,5,2
19851198,1,2,2
19851198,1,3,2
19851198,1,4,2
19851198,2,3,2
19851198,2,4,2
19851198,3,4,2
19851199,1,2,1
19851199,1,3,2
19851199,1,4,2
19851199,1,5,1
19851199,2,3,1
19851199,2,4,2
19851199,2,5,2
19851199,3,4,2
19851199,3,5,1
19851199,4,5,1
19851200,1,5,2
19851200,2,3,2
19851200,2,4,1
19851200,2,5,2
19851200,3,4,1
19851200,3,5,1
19851200,4,5,2
19851201,1,2,2
19851201,1,3,1
19851201,1,4,2
19851201,1,5,1
19851201,2,3,1
19851201,2,4,2
19851201,2,5,1
19851201,3,4,2
19851201,3,5,2
19851201,4,5,2
19851202,1,2,1
19851202,1,3,1
19851202,2,3,1
19851203,1,2,1
19851203,1,3,1
19851203,1,4,2
19851203,1,5,1
19851203,2,3,2
19851203,2,4,1
19851203,2,5,1
19851203,3,4,1
19851203,3,5,1
19851203,4,5,1
19851204,1,2,1
19851204,1,4,2
19851204,1,5,2
19851204,2,3,1
19851204,2,4,1
19851204,2,5,1
19851204,3,4,2
19851204,3,5,1
19851204,4,5,2
19851205,1,2,1
19851205,1,3,1
19851205,1,4,1
19851205,2,3,2
19851205,2,4,2
19851205,2,5,2
19851205,3,4,2
19851205,3,5,2
19851205,4,5,2
19851206,1,2,2
19851206,1,3,2
19851206,1,4,2
19851206,2,3,2
19851206,2,4,2
19851206,3,4,2
19851207,1,2,1
19851207,2,3,1
19851208,1,2,1
19851208,1,5,2
19851208,2,3,1
19851208,2,4,2
19851208,2,5,2
19851208,3,4,1
19851208,3,5,1
19851208,4,5,1
19851209,1,2,2
19851209,1,3,2
19851209,1,4,2
19851209,1,5,2
19851209,2,3,2
19851209,2,4,2
19851209,2,5,2
19851209,3,4,2
19851209,3,5,2
19851209,4,5,2
19851210,1,2,2
19851210,1,3,2
19851210,1,4,2
19851210,1,5,2
19851210,2,3,2
19851210,2,4,2
19851210,2,5,2
19851210,3,4,2
19851210,3,5,2
19851210,4,5,2
19851211,1,2,2
19851211,1,3,2
19851211,2,3,2
19851212,1,2,1
19851212,1,3,2
19851212,1,4,1
19851212,1,5,1
19851212,2,3,2
19851212,2,4,2
19851212,2,5,2
19851212,3,4,2
19851212,3,5,2
19851213,1,2,1
19851213,1,3,1
19851213,1,4,2
19851213,1,5,2
19851213,2,3,2
19851213,2,4,1
19851213,2,5,1
19851213,3,4,1
19851213,3,5,1
19851213,4,5,2
19851214,1,3,1
19851214,1,4,1
19851214,3,4,1
19851215,1,2,2
19851215,1,3,2
19851215,1,4,2
19851215,1,5,2
19851215,2,3,2
19851215,2,4,2
19851215,2,5,1
19851215,3,4,1
19851215,3,5,1
19851215,4,5,1
19851216,1,2,2
19851216,1,3,2
19851216,2,3,1
19851218,1,2,2
19851218,1,3,2
19851218,2,3,2
19851224,1,2,1
19851224,1,3,1
19851224,2,3,1
19851225,1,2,1
19851228,1,2,1
19851228,1,3,2
19851228,2,3,2
19851243,1,2,1
19851243,1,3,1
19851243,1,4,1
19851243,1,5,1
19851243,2,3,1
19851243,2,4,1
19851243,2,5,1
19851243,3,4,1
19851243,3,5,1
19851243,4,5,1
19851245,1,2,1
19851246,1,2,2
19851246,1,3,2
19851248,1,2,2
19851248,1,3,2
19851248,2,4,2
19851248,3,4,2
19851250,1,2,1
19851250,1,4,1
19851250,1,5,1
19851250,2,3,2
19851250,2,4,1
19851250,2,5,1
19851250,3,4,1
19851250,3,5,2
19851250,4,5,2
19851251,1,2,2
19851253,1,2,2
19851254,1,2,1
19851254,1,3,1
19851254,1,5,2
19851254,2,3,2
19851254,2,4,1
19851254,2,5,2
19851254,3,4,2
19851254,3,5,1
19851254,4,5,2
19851255,1,2,2
19851256,1,2,1
19851258,1,2,1
19851258,1,3,1
19851258,1,4,1
19851258,1,5,1
19851258,2,3,1
19851258,2,5,1
19851258,3,5,1
19851258,4,5,1
19851260,1,2,2
19851261,1,3,1
19851261,1,4,1
19851261,1,5,1
19851261,2,3,1
19851261,2,4,1
19851261,2,5,1
19851261,3,4,1
19851261,3,5,1
19851262,1,2,2
19851262,1,3,1
19851262,1,4,1
19851262,2,3,1
19851262,2,4,1
19851263,1,2,2
19851263,1,3,2
19851263,1,4,2
19851263,2,3,1
19851263,2,4,2
19851264,1,2,2
19851264,1,3,2
19851264,2,3,1
19851265,1,2,2
19851266,1,2,2
19851267,1,2,2
19851267,1,3,1
19851267,2,3,1
19851269,1,2,1
19851269,1,3,1
19851269,2,3,1
19851270,1,3,1
19851271,1,2,2
19851272,1,2,2
19851272,1,3,1
19851272,2,3,1
19851273,1,2,1
19851274,1,2,2
19851276,1,2,1
19851277,1,2,2
19851277,1,3,2
19851277,1,4,2
19851277,1,5,2
19851277,2,5,1
19851277,3,4,2
19851277,3,5,1
19851277,4,5,1
19851279,1,2,2
19851279,1,3,1
19851279,1,4,1
19851279,1,5,1
19851279,2,3,1
19851279,2,4,1
19851279,2,5,2
19851279,3,4,2
19851279,3,5,2
19851279,4,5,2
19851280,1,2,1
19851281,1,2,2
19851281,1,3,1
19851282,1,2,2
19851283,1,2,2
19851285,1,2,1
19851285,1,4,1
19851285,1,5,1
19851285,2,3,1
19851285,2,4,2
19851285,2,5,2
19851285,3,4,2
19851285,3,5,1
19851285,4,5,2
19851286,1,2,1
19851286,1,3,2
19851286,2,3,1
19851286,2,4,2
19851286,2,5,1
19851286,3,4,2
19851286,3,5,1
19851286,4,5,2
19851287,1,2,1
19851287,1,3,2
19851287,2,3,2
19851288,1,2,1
19851291,1,2,1
19851291,1,3,1
19851291,2,3,1
19851293,1,2,1
19851293,1,3,1
19851293,2,3,1
19851294,1,2,2
19851294,1,3,2
19851294,2,3,2
19851295,1,2,1
19851295,1,3,1
19851295,1,4,1
19851295,2,4,1
19851295,3,4,1
19851297,1,2,1
19851297,1,3,1
19851297,1,4,1
19851297,1,5,1
19851297,3,4,2
19851298,1,2,1
19851298,1,3,1
19851298,1,4,1
19851298,3,4,2
19851300,1,2,2
19851302,1,2,1
19851302,1,3,2
19851302,2,3,1
19851303,1,2,1
19851304,1,2,2
19851304,1,3,1
19851304,2,3,1
19851305,1,2,1
19851305,1,3,1
19851305,2,4,1
19851306,1,2,2
19851309,1,2,2
19851311,1,2,2
19851311,1,3,2
19851311,1,4,2
19851311,2,3,2
19851311,2,4,2
19851311,3,4,2
19851312,1,2,2
19851313,1,2,2
19851314,1,2,2
19851315,1,2,2
19851315,1,3,2
19851315,2,3,2
19851316,1,2,1
19851316,1,3,2
19851316,1,4,2
19851316,2,3,1
19851316,2,4,1
19851316,3,4,2
19851317,1,2,2
19851317,1,3,2
19851318,1,2,1
19851318,1,3,1
19851318,1,4,1
19851321,1,2,2
19851321,1,3,2
19851321,1,4,1
19851321,1,5,1
19851321,2,3,2
19851321,2,4,2
19851321,2,5,2
19851321,3,4,1
19851321,3,5,2
19851324,1,2,2
19851324,1,3,2
19851324,1,4,2
19851324,1,5,2
19851324,2,3,2
19851324,2,4,2
19851324,2,5,2
19851324,3,4,2
19851324,3,5,2
19851324,4,5,2
19851325,1,2,1
19851325,1,3,1
19851326,1,2,1
19851327,1,2,2
19851327,1,3,2
19851327,2,3,2
19851328,1,2,2
19851328,1,3,1
19851328,2,3,1
19851329,1,2,2
19851329,1,3,2
19851329,1,4,2
19851329,2,3,1
19851329,2,4,1
19851329,3,4,1
19851330,1,2,2
19851330,1,3,2
19851330,1,4,2
19851330,1,5,1
19851330,2,3,2
19851330,2,4,2
19851330,2,5,1
19851330,3,4,2
19851330,3,5,1
19851330,4,5,1
19851331,1,2,2
19851331,1,3,1
19851331,2,3,1
19851332,1,2,2
19851332,1,3,1
19851332,1,4,1
19851332,2,3,1
19851332,3,4,1
19851333,1,2,1
19851333,2,3,2
19851334,1,2,1
19851334,1,3,2
19851334,2,3,1
19851335,1,2,2
19851336,1,2,1
19851336,1,3,2
19851336,1,4,2
19851336,2,3,2
19851336,2,4,2
19851336,3,4,2
19851338,1,2,2
19851338,1,3,2
19851339,2,3,1
19851343,2,3,2
19851347,1,2,2
19851347,1,3,2
19851347,1,4,2
19851347,2,3,1
19851347,2,4,1
19851347,3,4,2
19851348,1,2,2
19851350,1,3,2
19851351,1,2,1
19851352,1,2,2
19851352,1,3,2
19851352,1,4,2
19851352,2,3,2
19851352,2,4,2
19851352,3,4,2
19851353,1,2,2
19851354,1,2,2
19851354,1,3,1
19851357,1,2,1
19851357,1,3,1
19851357,2,3,1
19851358,1,2,2
19851359,1,2,1
19851359,1,3,1
19851359,1,4,1
19851359,2,3,1
19851359,2,4,1
19851360,1,2,2
19851360,1,3,2
19851360,2,3,2
19851361,1,2,1
19851361,2,3,1
19851362,1,2,2
19851362,1,3,1
19851362,1,4,2
19851362,1,5,2
19851362,2,3,2
19851362,2,4,1
19851362,2,5,1
19851362,4,5,2
19851363,1,2,1
19851365,1,2,1
19851373,1,3,1
19851373,1,4,1
19851373,2,3,2
19851373,2,4,1
19851373,3,4,1
19851377,1,2,2
19851377,1,3,1
19851377,2,3,1
19851379,1,2,2
19851379,1,3,2
19851379,2,3,2
19851381,1,2,2
19851381,1,3,2
19851381,1,4,2
19851381,1,5,2
19851381,2,3,2
19851381,2,4,2
19851381,2,5,2
19851381,3,4,1
19851381,3,5,2
19851381,4,5,2
19851382,1,2,2
19851385,1,2,2
19851387,1,2,1
19851387,1,3,2
19851387,1,4,2
19851387,1,5,1
19851387,2,3,1
19851387,2,4,1
19851387,2,5,1
19851387,3,4,1
19851387,3,5,1
19851387,4,5,2
19851389,1,2,2
19851390,1,2,1
19851390,1,3,1
19851390,1,4,1
19851390,2,3,1
19851390,3,4,1
19851391,1,2,1
19851391,1,3,1
19851391,1,4,1
19851391,2,3,2
19851391,2,4,1
19851393,1,2,1
19851393,1,3,1
19851393,1,4,1
19851393,1,5,1
19851393,2,3,2
19851393,2,4,2
19851393,2,5,2
19851393,3,4,2
19851393,3,5,2
19851393,4,5,2
19851397,1,2,1
19851397,1,3,2
19851398,1,2,1
19851398,1,3,2
19851398,1,4,2
19851398,1,5,1
19851398,2,3,2
19851398,2,4,2
19851398,2,5,2
19851398,3,4,2
19851398,3,5,2
19851398,4,5,2
19851399,1,3,2
19851400,1,2,1
19851402,1,2,1
19851402,1,3,1
19851404,1,2,2
19851405,1,2,2
19851405,1,3,2
19851405,1,4,2
19851405,1,5,2
19851405,2,3,2
19851405,2,4,2
19851405,2,5,2
19851405,3,4,2
19851405,3,5,2
19851405,4,5,2
19851406,1,2,1
19851407,1,2,1
19851408,1,2,2
19851408,1,3,1
19851408,2,3,2
19851413,1,2,1
19851420,1,2,1
19851420,1,3,1
19851420,2,3,1
19851421,1,2,1
19851421,1,3,2
19851421,1,4,1
19851421,1,5,1
19851421,2,3,1
19851421,2,4,1
19851421,2,5,1
19851421,3,4,1
19851421,3,5,1
19851421,4,5,2
19851422,1,2,2
19851423,1,2,1
19851423,1,3,1
19851423,2,3,2
19851423,2,4,2
19851423,3,4,2
19851424,1,2,1
19851425,1,2,2
19851425,1,3,1
19851425,1,4,1
19851425,2,4,1
19851425,3,4,1
19851426,1,2,1
19851426,1,3,2
19851426,2,3,1
19851426,2,4,1
19851426,2,5,1
19851426,4,5,2
19851427,1,2,1
19851428,1,2,1
19851428,1,3,2
19851428,1,4,1
19851428,2,3,1
19851429,1,2,1
19851429,1,3,1
19851429,1,5,1
19851429,2,3,2
19851429,2,4,2
19851429,2,5,2
19851429,3,4,2
19851429,3,5,2
19851429,4,5,2
19851430,1,2,2
19851431,1,2,2
19851431,1,3,2
19851431,1,4,1
19851431,1,5,1
19851431,2,3,2
19851431,2,4,1
19851431,2,5,1
19851431,3,4,1
19851431,3,5,1
19851432,1,2,2
19851432,1,3,2
19851432,1,4,1
19851432,2,3,1
19851432,3,4,1
19851433,1,2,1
19851433,1,3,2
19851433,1,4,1
19851433,1,5,1
19851433,2,3,1
19851433,2,4,1
19851433,2,5,1
19851433,3,4,1
19851433,3,5,1
19851433,4,5,1
19851434,1,2,2
19851434,1,3,2
19851434,1,4,1
19851434,1,5,1
19851434,2,3,1
19851434,2,4,2
19851434,2,5,1
19851434,3,4,1
19851434,3,5,1
19851434,4,5,1
19851435,1,2,2
19851435,1,3,1
19851435,1,4,1
19851435,2,3,1
19851435,2,4,2
19851435,3,4,1
19851435,3,5,1
19851435,4,5,2
19851436,1,2,2
19851436,1,3,2
19851436,1,4,1
19851436,1,5,1
19851436,2,3,2
19851436,4,5,2
19851437,1,2,2
19851437,1,3,2
19851437,2,3,2
19851438,1,2,1
19851438,1,3,1
19851438,1,4,1
19851438,1,5,1
19851438,2,3,2
19851438,2,4,1
19851438,2,5,1
19851438,3,4,1
19851438,3,5,1
19851439,1,2,2
19851439,1,3,2
19851439,2,3,2
19851440,1,2,1
19851440,1,3,1
19851440,1,4,1
19851440,1,5,1
19851440,2,3,1
19851440,3,4,1
19851440,4,5,2
19851441,1,2,2
19851442,1,2,2
19851443,1,2,2
19851443,1,3,2
19851443,1,4,2
19851443,1,5,1
19851443,2,3,2
19851443,2,4,2
19851443,2,5,1
19851443,3,4,2
19851443,3,5,2
19851443,4,5,1
19851444,1,2,1
19851444,1,3,2
19851444,1,4,2
19851444,1,5,1
19851444,2,3,2
19851444,2,4,2
19851444,2,5,1
19851444,3,4,2
19851444,3,5,1
19851444,4,5,1
19851445,1,2,2
19851445,1,3,2
19851445,2,3,2
19851446,1,2,1
19851446,1,3,1
19851446,1,4,1
19851446,2,3,2
19851446,2,4,1
19851447,1,2,2
19851447,1,3,2
19851447,1,4,1
19851447,1,5,1
19851447,2,3,2
19851447,2,4,1
19851447,2,5,1
19851447,4,5,2
19851448,1,2,1
19851448,1,3,1
19851448,2,3,2
19851449,1,2,1
19851450,1,2,1
19851450,1,3,2
19851450,2,3,2
19851451,1,5,2
19851451,2,3,2
19851452,1,2,2
19851452,1,3,1
19851452,1,4,1
19851452,1,5,1
19851452,2,3,2
19851452,2,4,2
19851452,2,5,2
19851452,3,4,1
19851452,3,5,2
19851452,4,5,1
19851454,1,2,2
19851454,1,3,2
19851454,1,4,2
19851454,1,5,2
19851454,2,3,2
19851454,2,4,2
19851454,2,5,2
19851454,3,5,2
19851454,4,5,2
19851455,1,2,1
19851455,1,3,1
19851455,2,3,1
19851460,1,2,2
19851460,1,3,2
19851460,1,4,2
19851460,1,5,2
19851460,2,3,2
19851460,2,4,2
19851460,2,5,2
19851460,3,4,2
19851460,3,5,2
19851460,4,5,2
19851461,1,2,1
19851461,1,3,1
19851461,2,3,1
19851462,1,3,2
19851462,2,3,2
19851462,2,4,2
19851462,3,4,1
19851465,1,2,2
19851465,1,3,2
19851465,1,4,2
19851465,2,3,1
19851465,2,4,1
19851465,3,4,2
19851467,1,2,2
19851467,1,3,1
19851467,1,4,2
19851467,2,3,1
19851467,2,4,2
19851467,3,4,1
19851467,4,5,2
19851468,1,3,1
19851468,1,5,1
19851468,2,3,1
19851468,2,5,2
19851468,3,4,2
19851468,3,5,2
19851468,4,5,2
19851469,1,2,2
19851470,2,3,2
19851472,1,2,2
19851472,1,3,1
19851472,2,3,1
19851475,1,2,1
19851477,1,2,2
19851477,1,3,2
19851477,1,4,2
19851477,1,5,1
19851477,3,4,2
19851477,3,5,1
19851479,1,2,1
19851479,1,3,1
19851479,2,3,1
19851481,1,2,2
19851481,1,3,2
19851481,1,4,1
19851481,1,5,1
19851481,2,3,2
19851481,3,5,1
19851481,4,5,1
19851483,1,2,2
19851484,1,2,1
19851485,1,2,1
19851485,1,3,1
19851485,2,3,1
19851485,2,4,2
19851485,3,4,1
19851485,4,5,2
19851486,1,2,2
19851486,1,3,1
19851486,1,4,1
19851486,1,5,1
19851486,2,3,1
19851486,3,4,2
19851486,3,5,2
19851486,4,5,2
19851487,1,2,1
19851487,1,3,1
19851487,1,4,2
19851487,2,3,1
19851487,2,4,1
19851487,3,4,2
19851488,1,2,2
19851488,1,3,1
19851488,1,4,2
19851488,1,5,2
19851488,2,3,2
19851488,2,4,1
19851488,2,5,2
19851488,3,4,1
19851488,3,5,1
19851488,4,5,2
19851489,1,2,2
19851489,1,3,2
19851489,1,4,2
19851489,1,5,2
19851489,2,3,2
19851489,2,4,2
19851489,2,5,2
19851489,3,4,2
19851489,3,5,2
19851489,4,5,2
19851490,1,2,2
19851491,1,2,1
19851491,1,3,1
19851491,1,4,2
19851491,1,5,2
19851491,2,3,1
19851491,2,4,2
19851491,2,5,2
19851491,3,4,1
19851491,3,5,2
19851491,4,5,2
19851492,1,2,2
19851492,1,3,1
19851492,1,4,2
19851492,1,5,2
19851492,2,3,1
19851492,2,4,2
19851492,2,5,2
19851492,3,4,1
19851492,3,5,1
19851492,4,5,2
19851493,1,2,2
19851493,1,3,2
19851493,2,3,1
19851495,1,2,2
19851495,1,3,2
19851495,2,3,2
19851496,1,2,1
19851496,1,3,1
19851496,1,4,1
19851496,2,3,1
19851496,2,4,1
19851497,1,2,2
19851497,1,3,2
19851497,1,4,2
19851497,1,5,2
19851497,2,3,1
19851497,2,4,1
19851497,2,5,1
19851497,3,4,2
19851497,3,5,1
19851497,4,5,1
19851498,1,2,2
19851498,1,3,2
19851498,2,3,2
19851498,2,4,1
19851498,3,4,2
19851499,1,2,1
19851499,1,3,1
19851499,1,4,1
19851499,1,5,1
19851499,2,3,2
19851499,2,4,1
19851499,2,5,1
19851499,3,4,1
19851499,3,5,1
19851499,4,5,2
19851500,1,2,2
19851501,1,2,2
19851501,1,3,1
19851501,2,3,1
19851502,1,2,2
19851502,1,3,2
19851502,1,4,1
19851502,1,5,2
19851502,2,3,2
19851502,3,4,1
19851502,4,5,2
19851503,1,2,1
19851503,1,3,1
19851504,1,2,1
19851505,1,2,2
19851505,1,3,2
19851505,1,4,2
19851505,1,5,2
19851505,2,3,2
19851505,2,4,2
19851505,2,5,2
19851505,3,4,2
19851505,3,5,2
19851505,4,5,2
19851506,1,2,2
19851506,1,3,2
19851506,1,4,2
19851506,1,5,2
19851506,2,3,2
19851506,4,5,2
19851507,1,2,1
19851507,1,3,2
19851507,2,3,2
19851508,1,2,1
19851508,1,3,1
19851508,1,4,1
19851508,1,5,1
19851508,2,3,2
19851508,2,4,2
19851508,3,4,2
19851509,1,2,1
19851509,2,3,2
19851510,1,2,2
19851510,1,3,1
19851510,1,5,2
19851510,2,5,2
19851510,3,4,2
19851512,1,2,1
19851512,1,3,1
19851512,1,4,1
19851512,1,5,1
19851512,2,3,1
19851512,2,4,2
19851512,2,5,1
19851512,3,4,1
19851512,3,5,1
19851512,4,5,2
19851514,1,2,1
19851514,1,3,1
19851514,1,4,1
19851514,2,3,1
19851514,2,4,1
19851514,3,4,1
19851515,1,2,1
19851515,1,3,1
19851515,1,4,1
19851516,1,2,2
19851516,1,3,2
19851516,1,4,1
19851516,1,5,1
19851516,2,3,2
19851516,2,4,1
19851516,2,5,1
19851516,3,4,1
19851516,3,5,1
19851516,4,5,1
19851518,2,3,2
19851519,2,3,1
19851519,2,4,1
19851519,2,5,1
19851519,3,4,1
19851519,3,5,1
19851519,4,5,1
19851520,1,2,1
19851520,1,3,1
19851520,1,4,1
19851520,2,3,1
19851520,2,4,1
19851520,3,4,1
19851521,1,2,1
19851521,1,3,1
19851521,1,5,2
19851521,2,3,1
19851521,2,4,2
19851521,3,4,1
19851522,1,2,2
19851522,1,3,2
19851522,2,3,2
19851523,1,2,1
19851524,1,2,1
19851524,1,3,2
19851524,1,4,1
19851524,1,5,1
19851524,2,3,1
19851524,2,4,1
19851524,2,5,1
19851524,3,4,2
19851524,3,5,2
19851524,4,5,2
19851525,1,2,2
19851525,1,3,2
19851525,1,4,2
19851525,1,5,1
19851525,2,3,2
19851525,2,4,2
19851525,2,5,2
19851525,3,4,2
19851525,3,5,1
19851525,4,5,2
19851526,1,2,2
19851526,1,3,2
19851526,1,4,2
19851526,1,5,2
19851526,2,3,2
19851526,2,4,2
19851526,2,5,2
19851526,3,4,2
19851526,3,5,2
19851526,4,5,2
19851527,1,2,1
19851527,1,3,2
19851527,1,4,1
19851528,1,2,1
19851528,1,3,1
19851529,1,2,2
19851529,1,3,2
19851529,1,4,1
19851529,1,5,2
19851529,2,3,2
19851529,2,4,1
19851529,2,5,2
19851529,3,4,1
19851529,3,5,2
19851529,4,5,1
19851530,1,2,2
19851530,1,3,1
19851530,2,3,1
19851531,1,2,2
19851531,1,3,1
19851531,1,4,2
19851531,2,3,2
19851531,2,4,1
19851531,3,4,1
19851532,1,2,2
19851532,1,3,1
19851532,1,4,1
19851532,2,3,1
19851532,2,4,1
19851532,3,4,1
19851533,1,2,1
19851533,1,3,1
19851533,2,3,2
19851534,1,2,1
19851534,1,3,1
19851534,2,3,1
